dataset,size_in_MB,eval_time,AUC_ROC,Precision,Recall,F1
557_YAHOO_id_7_WebService_tr_500_1st_770,0.009467,1.86 s,0.8954,1.0,0.1357,0.239
614_YAHOO_id_64_WebService_tr_500_1st_1204,0.009619,0.79 s,0.9187,0.0974,0.2077,0.1326
704_YAHOO_id_154_WebService_tr_500_1st_541,0.009838,0.79 s,0.7426,0.375,0.035,0.064
657_YAHOO_id_107_WebService_tr_500_1st_1260,0.009995,0.80 s,1.0,1.0,1.0,1.0
626_YAHOO_id_76_WebService_tr_500_1st_883,0.010173,0.78 s,1.0,0.9293,1.0,0.9633
705_YAHOO_id_155_WebService_tr_500_1st_1279,0.011013,0.78 s,1.0,1.0,0.9474,0.973
644_YAHOO_id_94_WebService_tr_500_1st_1078,0.011046,0.83 s,0.7076,0.0,0.0,0.0
558_YAHOO_id_8_WebService_tr_500_1st_1125,0.011197,0.41 s,0.714,0.001,0.0005,0.0007
693_YAHOO_id_143_WebService_tr_500_1st_1003,0.011522,0.40 s,0.9933,0.3621,0.7778,0.4941
615_YAHOO_id_65_WebService_tr_500_1st_348,0.011861,0.40 s,0.999,0.4046,1.0,0.5761
734_YAHOO_id_184_WebService_tr_500_1st_768,0.012035,0.41 s,0.9129,1.0,0.1794,0.3042
807_YAHOO_id_257_WebService_tr_500_1st_1210,0.012309,0.40 s,0.9509,0.3911,0.2959,0.3369
594_YAHOO_id_44_WebService_tr_500_1st_599,0.012459,0.40 s,0.8966,0.0287,0.2552,0.0517
674_YAHOO_id_124_WebService_tr_500_1st_514,0.012965,0.40 s,1.0,1.0,0.5,0.6667
750_YAHOO_id_200_WebService_tr_500_1st_591,0.013763,0.39 s,0.7536,0.0268,0.0463,0.034
556_YAHOO_id_6_WebService_tr_500_1st_359,0.013815,0.40 s,0.802,0.2985,0.0844,0.1316
751_YAHOO_id_201_WebService_tr_500_1st_142,0.013821,0.40 s,0.9686,0.2276,0.6902,0.3423
808_YAHOO_id_258_WebService_tr_500_1st_142,0.013846,0.39 s,0.9917,0.1824,0.858,0.3008
140_MSL_id_1_Sensor_tr_530_1st_630,0.014591,0.74 s,0.8579,1.0,0.0082,0.0163
146_MSL_id_7_Sensor_tr_554_1st_1172,0.014593,0.66 s,0.5041,0.4046,0.0595,0.1037
764_YAHOO_id_214_WebService_tr_500_1st_599,0.015697,0.40 s,0.783,0.1534,0.4146,0.224
766_YAHOO_id_216_WebService_tr_500_1st_114,0.016873,0.41 s,0.9662,0.9541,0.2846,0.4385
009_NAB_id_9_Traffic_tr_500_1st_438,0.017314,0.69 s,0.6154,0.4413,0.0285,0.0535
013_NAB_id_13_Traffic_tr_623_1st_2084,0.017469,0.76 s,0.5968,0.845,0.0839,0.1526
026_NAB_id_26_Traffic_tr_624_1st_2261,0.017527,0.77 s,0.5605,0.0757,0.0521,0.0617
005_NAB_id_5_Traffic_tr_594_1st_1645,0.017679,0.71 s,0.5359,0.271,0.0425,0.0734
010_NAB_id_10_WebService_tr_500_1st_271,0.017778,0.39 s,0.5309,0.8889,0.0398,0.0762
018_NAB_id_18_Facility_tr_500_1st_669,0.01987,0.55 s,0.5482,0.0,0.0,0.0
007_NAB_id_7_Traffic_tr_624_1st_2087,0.020213,0.77 s,0.612,0.5772,0.0646,0.1162
027_NAB_id_27_Facility_tr_757_1st_2582,0.021395,0.94 s,0.5466,0.1508,0.0338,0.0552
277_NEK_id_1_WebService_tr_500_1st_17,0.022519,0.28 s,0.9596,1.0,0.4161,0.5876
279_NEK_id_3_WebService_tr_500_1st_974,0.022546,0.27 s,0.955,0.7544,0.7342,0.7442
283_NEK_id_7_WebService_tr_500_1st_777,0.022559,0.28 s,0.7525,0.7979,0.2335,0.3612
285_NEK_id_9_WebService_tr_500_1st_780,0.022559,0.27 s,0.7858,0.7398,0.2516,0.3755
280_NEK_id_4_WebService_tr_500_1st_231,0.02265,0.27 s,0.6542,1.0,0.0452,0.0865
278_NEK_id_2_WebService_tr_500_1st_64,0.02267,0.27 s,0.6821,1.0,0.0475,0.0908
282_NEK_id_6_WebService_tr_500_1st_64,0.022731,0.28 s,0.7226,1.0,0.0804,0.1489
284_NEK_id_8_WebService_tr_500_1st_976,0.023005,0.27 s,0.9631,0.8969,0.5189,0.6574
281_NEK_id_5_WebService_tr_500_1st_974,0.023008,0.27 s,0.9768,0.7663,0.5423,0.6351
017_NAB_id_17_Synthetic_tr_1007_1st_1805,0.024281,1.28 s,0.5546,0.1626,0.0295,0.05
622_YAHOO_id_72_WebService_tr_500_1st_421,0.025509,0.39 s,1.0,1.0,1.0,1.0
733_YAHOO_id_183_WebService_tr_500_1st_447,0.025966,0.40 s,0.9992,1.0,0.5297,0.6926
789_YAHOO_id_239_WebService_tr_500_1st_421,0.026142,0.39 s,0.9723,0.0789,0.6899,0.1416
667_YAHOO_id_117_WebService_tr_500_1st_421,0.026142,0.43 s,0.9746,0.0667,0.6202,0.1204
723_YAHOO_id_173_WebService_tr_500_1st_1214,0.026213,0.40 s,0.9998,0.1201,1.0,0.2145
722_YAHOO_id_172_WebService_tr_500_1st_353,0.026396,0.40 s,0.9992,0.2083,1.0,0.3448
804_YAHOO_id_254_WebService_tr_500_1st_420,0.026558,0.39 s,0.9169,0.9538,0.7032,0.8095
755_YAHOO_id_205_Synthetic_tr_500_1st_893,0.027216,0.39 s,1.0,0.4766,1.0,0.6456
620_YAHOO_id_70_Synthetic_tr_500_1st_658,0.027241,0.38 s,1.0,0.9621,0.9951,0.9783
721_YAHOO_id_171_Synthetic_tr_500_1st_893,0.027256,0.39 s,1.0,1.0,1.0,1.0
792_YAHOO_id_242_Synthetic_tr_500_1st_893,0.027259,0.38 s,1.0,1.0,1.0,1.0
588_YAHOO_id_38_Synthetic_tr_500_1st_658,0.027261,0.40 s,1.0,1.0,1.0,1.0
742_YAHOO_id_192_Synthetic_tr_500_1st_658,0.027263,0.39 s,1.0,0.9808,1.0,0.9903
625_YAHOO_id_75_Synthetic_tr_500_1st_658,0.027268,0.38 s,1.0,1.0,1.0,1.0
747_YAHOO_id_197_Synthetic_tr_500_1st_893,0.027272,0.39 s,1.0,0.3696,1.0,0.5397
562_YAHOO_id_12_Synthetic_tr_500_1st_893,0.02728,0.38 s,1.0,1.0,1.0,1.0
601_YAHOO_id_51_Synthetic_tr_500_1st_893,0.02728,0.39 s,1.0,1.0,1.0,1.0
658_YAHOO_id_108_Synthetic_tr_500_1st_893,0.027285,0.38 s,1.0,0.15,1.0,0.2609
590_YAHOO_id_40_Synthetic_tr_500_1st_658,0.027297,0.38 s,1.0,1.0,1.0,1.0
632_YAHOO_id_82_Synthetic_tr_500_1st_658,0.0273,0.38 s,1.0,0.9577,1.0,0.9784
777_YAHOO_id_227_Synthetic_tr_500_1st_623,0.027302,0.40 s,1.0,1.0,1.0,1.0
563_YAHOO_id_13_Synthetic_tr_500_1st_623,0.027305,0.39 s,1.0,1.0,0.9957,0.9978
782_YAHOO_id_232_Synthetic_tr_500_1st_623,0.027305,0.39 s,1.0,1.0,1.0,1.0
571_YAHOO_id_21_Synthetic_tr_500_1st_623,0.027307,0.38 s,1.0,1.0,0.9674,0.9834
739_YAHOO_id_189_Synthetic_tr_500_1st_893,0.027309,0.39 s,1.0,0.7846,1.0,0.8793
673_YAHOO_id_123_Synthetic_tr_500_1st_893,0.02731,0.39 s,1.0,1.0,1.0,1.0
567_YAHOO_id_17_Synthetic_tr_500_1st_893,0.027312,0.38 s,1.0,1.0,1.0,1.0
776_YAHOO_id_226_Synthetic_tr_500_1st_623,0.027314,0.40 s,1.0,1.0,1.0,1.0
785_YAHOO_id_235_Synthetic_tr_500_1st_658,0.02732,0.39 s,1.0,1.0,1.0,1.0
613_YAHOO_id_63_Synthetic_tr_500_1st_623,0.027325,0.39 s,1.0,1.0,1.0,1.0
715_YAHOO_id_165_Synthetic_tr_500_1st_658,0.027328,0.39 s,1.0,1.0,1.0,1.0
647_YAHOO_id_97_Synthetic_tr_500_1st_658,0.027329,0.38 s,1.0,1.0,1.0,1.0
578_YAHOO_id_28_Synthetic_tr_500_1st_623,0.02733,0.40 s,1.0,1.0,1.0,1.0
582_YAHOO_id_32_Synthetic_tr_500_1st_658,0.02733,0.40 s,1.0,1.0,1.0,1.0
781_YAHOO_id_231_Synthetic_tr_500_1st_623,0.027334,0.38 s,1.0,1.0,0.9978,0.9989
587_YAHOO_id_37_Synthetic_tr_500_1st_623,0.027341,0.39 s,1.0,1.0,1.0,1.0
774_YAHOO_id_224_Synthetic_tr_500_1st_623,0.027342,0.38 s,1.0,0.9935,1.0,0.9967
584_YAHOO_id_34_Synthetic_tr_500_1st_658,0.027344,0.40 s,1.0,1.0,1.0,1.0
675_YAHOO_id_125_Synthetic_tr_500_1st_623,0.027362,0.38 s,1.0,1.0,0.9978,0.9989
624_YAHOO_id_74_Synthetic_tr_500_1st_893,0.027376,0.39 s,1.0,0.6623,1.0,0.7969
703_YAHOO_id_153_Synthetic_tr_500_1st_623,0.027399,0.38 s,1.0,1.0,1.0,1.0
736_YAHOO_id_186_Synthetic_tr_500_1st_623,0.027419,0.39 s,1.0,1.0,0.9826,0.9912
573_YAHOO_id_23_Synthetic_tr_500_1st_623,0.027451,0.39 s,1.0,1.0,1.0,1.0
784_YAHOO_id_234_Synthetic_tr_500_1st_623,0.027485,0.38 s,0.9996,0.8395,0.9435,0.8884
564_YAHOO_id_14_Synthetic_tr_500_1st_658,0.02749,0.37 s,0.9899,0.4253,0.8088,0.5574
671_YAHOO_id_121_Synthetic_tr_500_1st_658,0.027493,0.41 s,1.0,0.7727,1.0,0.8718
695_YAHOO_id_145_Synthetic_tr_500_1st_658,0.027499,0.42 s,1.0,1.0,1.0,1.0
552_YAHOO_id_2_Synthetic_tr_500_1st_893,0.027499,0.42 s,0.9994,0.0591,1.0,0.1116
650_YAHOO_id_100_Synthetic_tr_500_1st_623,0.027506,0.42 s,0.9999,0.9931,0.9348,0.963
732_YAHOO_id_182_Synthetic_tr_500_1st_658,0.027508,0.44 s,0.9902,0.4268,0.8431,0.5667
778_YAHOO_id_228_Synthetic_tr_500_1st_658,0.027508,0.42 s,1.0,0.4988,1.0,0.6656
744_YAHOO_id_194_Synthetic_tr_500_1st_658,0.02751,0.42 s,1.0,0.9951,1.0,0.9976
725_YAHOO_id_175_Synthetic_tr_500_1st_623,0.027513,0.43 s,0.8863,0.2005,0.3826,0.2631
611_YAHOO_id_61_Synthetic_tr_500_1st_623,0.027519,0.44 s,0.958,0.3435,0.6109,0.4397
618_YAHOO_id_68_Synthetic_tr_500_1st_893,0.027525,0.42 s,0.9664,0.0452,0.7059,0.0849
639_YAHOO_id_89_Synthetic_tr_500_1st_893,0.027534,0.41 s,1.0,0.573,1.0,0.7286
694_YAHOO_id_144_Synthetic_tr_500_1st_658,0.027535,0.42 s,1.0,1.0,1.0,1.0
597_YAHOO_id_47_Synthetic_tr_500_1st_623,0.027544,0.43 s,1.0,1.0,0.9717,0.9857
681_YAHOO_id_131_Synthetic_tr_500_1st_658,0.027553,0.42 s,0.9998,0.613,0.9706,0.7514
600_YAHOO_id_50_Synthetic_tr_500_1st_658,0.027553,0.38 s,0.9747,0.25,0.6176,0.3559
684_YAHOO_id_134_Synthetic_tr_500_1st_623,0.027558,0.38 s,1.0,1.0,1.0,1.0
794_YAHOO_id_244_Synthetic_tr_500_1st_658,0.02756,0.38 s,0.9996,0.4531,0.9706,0.6178
627_YAHOO_id_77_Synthetic_tr_500_1st_623,0.027561,0.38 s,1.0,1.0,1.0,1.0
603_YAHOO_id_53_Synthetic_tr_500_1st_893,0.027567,0.39 s,0.9999,0.0621,1.0,0.117
676_YAHOO_id_126_Synthetic_tr_500_1st_623,0.02758,0.38 s,0.9869,0.8986,0.713,0.7952
787_YAHOO_id_237_Synthetic_tr_500_1st_623,0.027582,0.38 s,0.9168,0.4096,0.5174,0.4573
566_YAHOO_id_16_Synthetic_tr_500_1st_623,0.027587,0.38 s,0.8704,0.3734,0.5,0.4275
638_YAHOO_id_88_Synthetic_tr_500_1st_893,0.02761,0.38 s,0.9505,0.0205,0.3725,0.0389
581_YAHOO_id_31_Synthetic_tr_500_1st_893,0.027628,0.38 s,0.9999,0.0628,1.0,0.1182
666_YAHOO_id_116_Synthetic_tr_500_1st_893,0.027631,0.39 s,1.0,0.0875,1.0,0.1609
767_YAHOO_id_217_Synthetic_tr_500_1st_658,0.027636,0.41 s,0.997,0.5993,0.8284,0.6955
635_YAHOO_id_85_Synthetic_tr_500_1st_658,0.027652,0.40 s,0.9768,0.1955,0.7255,0.308
800_YAHOO_id_250_Synthetic_tr_500_1st_623,0.027657,0.40 s,1.0,1.0,1.0,1.0
701_YAHOO_id_151_Synthetic_tr_500_1st_893,0.02767,0.39 s,0.9985,0.0679,0.9608,0.1268
598_YAHOO_id_48_Synthetic_tr_500_1st_658,0.027671,0.42 s,1.0,1.0,1.0,1.0
554_YAHOO_id_4_Synthetic_tr_500_1st_658,0.027682,0.42 s,0.9924,0.6681,0.7794,0.7195
780_YAHOO_id_230_Synthetic_tr_500_1st_893,0.027687,0.41 s,0.9729,0.0349,0.6275,0.0661
599_YAHOO_id_49_WebService_tr_500_1st_653,0.027687,0.43 s,0.9943,1.0,0.2508,0.401
606_YAHOO_id_56_Synthetic_tr_500_1st_623,0.027706,0.42 s,0.9348,0.3028,0.5609,0.3933
551_YAHOO_id_1_Synthetic_tr_500_1st_893,0.02775,0.42 s,0.928,0.0396,0.5294,0.0737
605_YAHOO_id_55_Synthetic_tr_500_1st_893,0.027794,0.42 s,0.1858,0.0,0.0,0.0
731_YAHOO_id_181_Synthetic_tr_500_1st_623,0.027795,0.42 s,0.7535,0.2572,0.3304,0.2892
680_YAHOO_id_130_Synthetic_tr_500_1st_893,0.027823,0.42 s,0.9999,0.1483,1.0,0.2582
775_YAHOO_id_225_Synthetic_tr_500_1st_658,0.027852,0.42 s,0.1632,0.0,0.0,0.0
570_YAHOO_id_20_Synthetic_tr_500_1st_658,0.027861,0.42 s,0.4611,0.0,0.0,0.0
786_YAHOO_id_236_Synthetic_tr_500_1st_623,0.027872,0.43 s,0.6533,0.2902,0.2435,0.2648
730_YAHOO_id_180_Synthetic_tr_500_1st_623,0.027885,0.42 s,0.6862,0.9459,0.3804,0.5426
575_YAHOO_id_25_Synthetic_tr_500_1st_623,0.0279,0.42 s,0.9032,0.786,0.463,0.5828
634_YAHOO_id_84_Synthetic_tr_500_1st_658,0.027927,0.39 s,0.1946,0.0,0.0,0.0
797_YAHOO_id_247_Synthetic_tr_500_1st_893,0.027939,0.39 s,0.0914,0.0,0.0,0.0
576_YAHOO_id_26_Synthetic_tr_500_1st_658,0.027943,0.39 s,0.9803,0.1448,0.6127,0.2343
663_YAHOO_id_113_Synthetic_tr_500_1st_658,0.027943,0.39 s,0.803,0.0857,0.0294,0.0438
659_YAHOO_id_109_Synthetic_tr_500_1st_623,0.027969,0.42 s,0.825,0.1704,0.3326,0.2253
560_YAHOO_id_10_Synthetic_tr_500_1st_893,0.027971,0.42 s,0.1558,0.0,0.0,0.0
664_YAHOO_id_114_Synthetic_tr_500_1st_658,0.027974,0.42 s,0.5855,0.1821,0.3186,0.2317
617_YAHOO_id_67_Synthetic_tr_500_1st_893,0.027975,0.42 s,0.5685,0.0,0.0,0.0
656_YAHOO_id_106_Synthetic_tr_500_1st_658,0.027979,0.42 s,0.3729,0.0,0.0,0.0
696_YAHOO_id_146_Synthetic_tr_500_1st_893,0.027999,0.43 s,0.3061,0.0,0.0,0.0
806_YAHOO_id_256_Synthetic_tr_500_1st_893,0.028001,0.41 s,0.2071,0.0,0.0,0.0
616_YAHOO_id_66_Synthetic_tr_500_1st_623,0.028019,0.42 s,0.1707,0.0,0.0,0.0
014_NAB_id_14_WebService_tr_500_1st_1045,0.028343,0.47 s,0.4827,0.2958,0.0066,0.013
021_NAB_id_21_WebService_tr_500_1st_565,0.02848,0.49 s,0.4907,0.1172,0.0156,0.0276
008_NAB_id_8_Synthetic_tr_1007_1st_2734,0.028561,1.39 s,0.8042,0.5627,0.1206,0.1987
028_NAB_id_28_Facility_tr_1007_1st_3447,0.03215,1.40 s,0.5922,0.1317,0.0058,0.011
640_YAHOO_id_90_WebService_tr_500_1st_18,0.032302,0.52 s,0.7425,0.1092,0.2433,0.1507
802_YAHOO_id_252_WebService_tr_500_1st_63,0.032368,0.53 s,0.7247,0.0311,0.2042,0.0539
698_YAHOO_id_148_WebService_tr_500_1st_186,0.03237,0.53 s,0.7666,0.049,0.1527,0.0742
565_YAHOO_id_15_WebService_tr_500_1st_151,0.032372,0.53 s,0.4803,0.0,0.0,0.0
713_YAHOO_id_163_WebService_tr_500_1st_66,0.032384,0.53 s,0.8332,0.1121,0.4104,0.1761
648_YAHOO_id_98_WebService_tr_500_1st_731,0.032405,0.53 s,0.9895,0.0312,0.8269,0.0601
628_YAHOO_id_78_WebService_tr_500_1st_147,0.032408,0.53 s,0.8979,0.1211,0.3716,0.1827
772_YAHOO_id_222_WebService_tr_500_1st_85,0.032409,0.56 s,0.8256,0.1257,0.461,0.1975
660_YAHOO_id_110_WebService_tr_500_1st_307,0.032423,0.53 s,0.7471,0.0217,0.2231,0.0395
729_YAHOO_id_179_WebService_tr_500_1st_559,0.032426,0.48 s,0.8902,0.0641,0.3569,0.1087
665_YAHOO_id_115_WebService_tr_500_1st_28,0.032428,0.48 s,0.8363,0.1049,0.2529,0.1483
727_YAHOO_id_177_WebService_tr_500_1st_82,0.032432,0.47 s,0.9441,0.256,0.4587,0.3286
645_YAHOO_id_95_WebService_tr_500_1st_1047,0.032439,0.47 s,0.9545,0.0263,0.6471,0.0506
758_YAHOO_id_208_WebService_tr_500_1st_24,0.032442,0.48 s,0.6708,0.0443,0.1372,0.0669
679_YAHOO_id_129_WebService_tr_500_1st_428,0.032446,0.47 s,0.6023,0.0104,0.0959,0.0188
753_YAHOO_id_203_WebService_tr_500_1st_6,0.032447,0.48 s,0.799,0.1274,0.3545,0.1874
636_YAHOO_id_86_WebService_tr_500_1st_20,0.032449,0.47 s,0.845,0.1037,0.3962,0.1643
773_YAHOO_id_223_WebService_tr_500_1st_137,0.032457,0.47 s,0.9504,0.2364,0.6232,0.3428
756_YAHOO_id_206_WebService_tr_500_1st_55,0.032457,0.47 s,0.532,0.0164,0.0455,0.0241
803_YAHOO_id_253_WebService_tr_500_1st_58,0.032463,0.48 s,0.8319,0.1197,0.2754,0.1668
668_YAHOO_id_118_WebService_tr_500_1st_112,0.032468,0.51 s,0.8623,0.1027,0.33,0.1567
610_YAHOO_id_60_WebService_tr_500_1st_878,0.032469,0.51 s,0.9849,0.0299,0.7843,0.0576
553_YAHOO_id_3_WebService_tr_500_1st_237,0.032471,0.51 s,0.7613,0.054,0.354,0.0938
579_YAHOO_id_29_WebService_tr_500_1st_1342,0.032471,0.49 s,0.9985,0.0269,1.0,0.0524
678_YAHOO_id_128_WebService_tr_500_1st_665,0.032474,0.47 s,0.8592,0.0343,0.2876,0.0613
769_YAHOO_id_219_WebService_tr_500_1st_205,0.032475,0.53 s,0.8359,0.0815,0.2759,0.1259
686_YAHOO_id_136_WebService_tr_500_1st_755,0.032483,0.53 s,0.8213,0.0547,0.3731,0.0954
621_YAHOO_id_71_WebService_tr_500_1st_721,0.032485,0.51 s,0.8671,0.0149,0.3103,0.0283
687_YAHOO_id_137_WebService_tr_500_1st_89,0.032489,0.55 s,0.5809,0.052,0.1174,0.0721
799_YAHOO_id_249_WebService_tr_500_1st_852,0.032493,0.53 s,0.7999,0.0529,0.3523,0.092
719_YAHOO_id_169_WebService_tr_500_1st_852,0.032493,0.53 s,0.771,0.0392,0.2798,0.0687
669_YAHOO_id_119_WebService_tr_500_1st_21,0.032505,0.53 s,0.7506,0.0711,0.2298,0.1087
741_YAHOO_id_191_WebService_tr_500_1st_1114,0.032508,0.53 s,0.9097,0.0335,0.5222,0.0629
643_YAHOO_id_93_WebService_tr_500_1st_1038,0.03251,0.53 s,0.3296,0.0,0.0,0.0
710_YAHOO_id_160_WebService_tr_500_1st_253,0.032513,0.53 s,0.7879,0.0467,0.3128,0.0812
642_YAHOO_id_92_WebService_tr_500_1st_433,0.032521,0.53 s,0.6626,0.0379,0.2103,0.0642
768_YAHOO_id_218_WebService_tr_500_1st_431,0.032522,0.50 s,0.9318,0.4226,0.5593,0.4814
759_YAHOO_id_209_WebService_tr_500_1st_189,0.032532,0.51 s,0.8478,0.099,0.2788,0.1461
585_YAHOO_id_35_WebService_tr_500_1st_577,0.032533,0.50 s,0.9192,0.0447,0.4206,0.0807
593_YAHOO_id_43_WebService_tr_500_1st_75,0.032536,0.49 s,0.9307,0.1114,0.5849,0.1872
607_YAHOO_id_57_WebService_tr_500_1st_426,0.032546,0.50 s,0.8564,0.265,0.5157,0.3501
583_YAHOO_id_33_WebService_tr_500_1st_1616,0.032546,0.49 s,0.9675,0.004,0.8333,0.0079
591_YAHOO_id_41_WebService_tr_500_1st_139,0.032555,0.49 s,0.7017,0.0791,0.2286,0.1175
577_YAHOO_id_27_WebService_tr_500_1st_498,0.032558,0.52 s,0.9996,0.1833,0.9943,0.3095
714_YAHOO_id_164_WebService_tr_500_1st_1,0.032561,0.52 s,0.8889,0.1162,0.4241,0.1824
589_YAHOO_id_39_WebService_tr_500_1st_10,0.032561,0.50 s,0.8932,0.1737,0.4417,0.2494
716_YAHOO_id_166_WebService_tr_500_1st_540,0.032566,0.50 s,0.8892,0.0461,0.3506,0.0814
699_YAHOO_id_149_WebService_tr_500_1st_99,0.032583,0.50 s,0.9812,0.0406,0.8852,0.0776
555_YAHOO_id_5_WebService_tr_500_1st_730,0.032587,0.50 s,0.791,0.0327,0.21,0.0566
653_YAHOO_id_103_WebService_tr_500_1st_443,0.032623,0.49 s,0.9903,0.0843,0.9107,0.1543
752_YAHOO_id_202_WebService_tr_500_1st_95,0.032658,0.50 s,0.9215,0.2516,0.5969,0.354
779_YAHOO_id_229_WebService_tr_500_1st_25,0.032727,0.50 s,0.6712,0.0714,0.2516,0.1113
762_YAHOO_id_212_WebService_tr_500_1st_1055,0.032736,0.51 s,0.5392,0.0,0.0,0.0
791_YAHOO_id_241_WebService_tr_500_1st_593,0.032738,0.53 s,0.8632,0.0226,0.2745,0.0417
672_YAHOO_id_122_WebService_tr_500_1st_857,0.032858,0.50 s,0.8615,0.0016,0.0392,0.0031
586_YAHOO_id_36_WebService_tr_500_1st_398,0.032863,0.49 s,0.5082,0.0,0.0,0.0
711_YAHOO_id_161_WebService_tr_500_1st_137,0.032901,0.49 s,0.8783,0.0779,0.4677,0.1335
763_YAHOO_id_213_WebService_tr_500_1st_43,0.032977,0.49 s,0.9216,0.2029,0.5379,0.2946
740_YAHOO_id_190_WebService_tr_500_1st_0,0.033007,0.49 s,0.6667,0.1133,0.3883,0.1754
574_YAHOO_id_24_WebService_tr_500_1st_202,0.033036,0.50 s,0.5641,0.0,0.0,0.0
637_YAHOO_id_87_WebService_tr_500_1st_338,0.033049,0.50 s,0.9183,0.1138,0.4655,0.1829
761_YAHOO_id_211_WebService_tr_500_1st_7,0.033056,0.49 s,0.9344,0.2618,0.4623,0.3343
568_YAHOO_id_18_WebService_tr_500_1st_333,0.033078,0.49 s,0.8887,0.0596,0.6348,0.109
708_YAHOO_id_158_WebService_tr_500_1st_165,0.033081,0.49 s,0.7053,0.0083,0.0991,0.0154
760_YAHOO_id_210_WebService_tr_500_1st_23,0.033091,0.49 s,0.8469,0.1221,0.5189,0.1977
702_YAHOO_id_152_WebService_tr_500_1st_8,0.033094,0.49 s,0.9365,0.2834,0.6154,0.388
712_YAHOO_id_162_WebService_tr_500_1st_88,0.033097,0.49 s,0.8544,0.0778,0.3958,0.1301
790_YAHOO_id_240_WebService_tr_500_1st_119,0.033112,0.50 s,0.9597,0.0925,0.6154,0.1608
692_YAHOO_id_142_WebService_tr_500_1st_294,0.033114,0.51 s,0.9119,0.1341,0.3606,0.1955
662_YAHOO_id_112_WebService_tr_500_1st_361,0.033118,0.50 s,0.7898,0.1713,0.4951,0.2546
720_YAHOO_id_170_WebService_tr_500_1st_3,0.033119,0.50 s,0.9289,0.3211,0.5486,0.4051
649_YAHOO_id_99_WebService_tr_500_1st_1386,0.033119,0.50 s,0.9549,0.0139,0.5172,0.027
685_YAHOO_id_135_WebService_tr_500_1st_121,0.033128,0.50 s,0.9763,0.8897,0.6708,0.7649
724_YAHOO_id_174_WebService_tr_500_1st_1030,0.033135,0.49 s,0.9758,0.1219,0.8481,0.2132
641_YAHOO_id_91_WebService_tr_500_1st_149,0.033136,0.50 s,0.9485,0.1618,0.4064,0.2314
709_YAHOO_id_159_WebService_tr_500_1st_481,0.033137,0.55 s,0.615,0.0,0.0,0.0
623_YAHOO_id_73_WebService_tr_500_1st_117,0.033137,0.54 s,0.5951,0.0392,0.1103,0.0579
683_YAHOO_id_133_WebService_tr_500_1st_36,0.03314,0.49 s,0.8748,0.2732,0.5214,0.3585
608_YAHOO_id_58_WebService_tr_500_1st_72,0.033142,0.47 s,0.7866,0.1046,0.3398,0.16
592_YAHOO_id_42_WebService_tr_500_1st_28,0.033142,0.47 s,0.9544,0.0455,0.675,0.0852
619_YAHOO_id_69_WebService_tr_500_1st_8,0.033144,0.47 s,0.9166,0.1794,0.6601,0.2821
569_YAHOO_id_19_WebService_tr_500_1st_30,0.033145,0.47 s,0.9878,0.2304,0.7974,0.3575
707_YAHOO_id_157_WebService_tr_500_1st_137,0.033146,0.47 s,0.959,0.2564,0.5133,0.342
738_YAHOO_id_188_WebService_tr_500_1st_26,0.03315,0.48 s,0.8034,0.0458,0.2677,0.0782
809_YAHOO_id_259_WebService_tr_500_1st_123,0.033151,0.47 s,0.7499,0.0632,0.2333,0.0994
670_YAHOO_id_120_WebService_tr_500_1st_221,0.033163,0.48 s,0.9577,0.5452,0.5993,0.5709
793_YAHOO_id_243_WebService_tr_500_1st_28,0.033181,0.47 s,0.9566,0.0926,0.5929,0.1602
633_YAHOO_id_83_WebService_tr_500_1st_223,0.033185,0.49 s,0.9516,0.08,0.6842,0.1433
631_YAHOO_id_81_WebService_tr_500_1st_96,0.033188,0.47 s,0.9752,0.2032,0.7336,0.3182
595_YAHOO_id_45_WebService_tr_500_1st_248,0.033195,0.48 s,0.9702,0.1687,0.8093,0.2792
726_YAHOO_id_176_WebService_tr_500_1st_221,0.033201,0.51 s,0.8782,0.1828,0.4026,0.2514
691_YAHOO_id_141_WebService_tr_500_1st_57,0.03321,0.53 s,0.9419,0.1893,0.4907,0.2732
801_YAHOO_id_251_WebService_tr_500_1st_190,0.033226,0.52 s,0.7969,0.1025,0.3226,0.1556
580_YAHOO_id_30_WebService_tr_500_1st_236,0.033239,0.51 s,0.9806,0.0128,0.6,0.025
749_YAHOO_id_199_WebService_tr_500_1st_136,0.033267,0.52 s,0.9574,0.1419,0.5581,0.2263
748_YAHOO_id_198_WebService_tr_500_1st_170,0.033381,0.51 s,0.4976,0.0056,0.1129,0.0106
788_YAHOO_id_238_WebService_tr_500_1st_973,0.033393,0.52 s,0.8705,0.0041,0.1176,0.008
717_YAHOO_id_167_WebService_tr_500_1st_84,0.033399,0.51 s,0.7128,0.0028,0.017,0.0049
718_YAHOO_id_168_WebService_tr_500_1st_263,0.033411,0.52 s,0.69,0.0601,0.1711,0.0889
783_YAHOO_id_233_WebService_tr_500_1st_24,0.033417,0.51 s,0.6713,0.0245,0.0803,0.0375
746_YAHOO_id_196_WebService_tr_500_1st_413,0.033448,0.52 s,0.85,0.05,0.3622,0.0879
765_YAHOO_id_215_WebService_tr_500_1st_92,0.033462,0.52 s,0.659,0.0154,0.0551,0.0241
651_YAHOO_id_101_WebService_tr_500_1st_103,0.033477,0.52 s,0.894,0.0686,0.5135,0.1211
743_YAHOO_id_193_WebService_tr_500_1st_133,0.033567,0.51 s,0.7865,0.0573,0.1631,0.0848
559_YAHOO_id_9_WebService_tr_500_1st_538,0.033593,0.51 s,0.9849,0.0569,0.837,0.1065
770_YAHOO_id_220_WebService_tr_500_1st_29,0.033623,0.52 s,0.9548,0.133,0.6007,0.2177
795_YAHOO_id_245_WebService_tr_500_1st_84,0.033708,0.53 s,0.9493,0.1152,0.5872,0.1926
689_YAHOO_id_139_WebService_tr_500_1st_1073,0.033732,0.53 s,0.9435,0.0202,0.5098,0.0388
798_YAHOO_id_248_WebService_tr_500_1st_105,0.033735,0.52 s,0.9442,0.2017,0.5945,0.3012
805_YAHOO_id_255_WebService_tr_500_1st_95,0.033749,0.47 s,0.8924,0.0885,0.3707,0.1429
561_YAHOO_id_11_WebService_tr_500_1st_359,0.033752,0.47 s,0.9841,0.0452,0.7284,0.0851
728_YAHOO_id_178_WebService_tr_500_1st_68,0.033756,0.47 s,0.8243,0.0267,0.1913,0.0468
602_YAHOO_id_52_WebService_tr_500_1st_595,0.033774,0.47 s,0.8193,0.0696,0.4341,0.1199
757_YAHOO_id_207_WebService_tr_500_1st_33,0.033807,0.51 s,0.7383,0.0,0.0,0.0
612_YAHOO_id_62_WebService_tr_500_1st_97,0.033835,0.51 s,0.8822,0.2653,0.4497,0.3337
652_YAHOO_id_102_WebService_tr_500_1st_174,0.033857,0.51 s,0.9147,0.2617,0.5574,0.3562
735_YAHOO_id_185_WebService_tr_500_1st_20,0.033893,0.53 s,0.9411,0.0991,0.59,0.1697
737_YAHOO_id_187_WebService_tr_500_1st_230,0.033917,0.47 s,0.8368,0.0222,0.1761,0.0394
754_YAHOO_id_204_WebService_tr_500_1st_28,0.033918,0.48 s,0.9575,0.1866,0.544,0.2779
629_YAHOO_id_79_WebService_tr_500_1st_222,0.033946,0.47 s,0.5817,0.0428,0.1197,0.063
655_YAHOO_id_105_WebService_tr_500_1st_17,0.033955,0.47 s,0.9469,0.2087,0.659,0.317
572_YAHOO_id_22_WebService_tr_500_1st_377,0.033968,0.47 s,0.909,0.2814,0.5355,0.369
646_YAHOO_id_96_WebService_tr_500_1st_121,0.033997,0.49 s,0.852,0.0947,0.3286,0.147
609_YAHOO_id_59_WebService_tr_500_1st_17,0.034005,0.47 s,0.8697,0.1346,0.4472,0.2069
700_YAHOO_id_150_WebService_tr_500_1st_82,0.034006,0.48 s,0.9318,0.2321,0.5309,0.323
796_YAHOO_id_246_WebService_tr_500_1st_222,0.034007,0.48 s,0.5849,0.0046,0.0455,0.0083
771_YAHOO_id_221_WebService_tr_500_1st_61,0.034009,0.47 s,0.8718,0.1978,0.3848,0.2613
630_YAHOO_id_80_WebService_tr_500_1st_631,0.034037,0.52 s,0.8491,0.0801,0.4615,0.1365
654_YAHOO_id_104_WebService_tr_500_1st_20,0.034039,0.52 s,0.871,0.0936,0.4026,0.1519
690_YAHOO_id_140_WebService_tr_500_1st_696,0.034043,0.51 s,0.7643,0.0303,0.1783,0.0519
688_YAHOO_id_138_WebService_tr_500_1st_482,0.034046,0.52 s,0.8844,0.0234,0.3265,0.0437
697_YAHOO_id_147_WebService_tr_500_1st_225,0.034048,0.52 s,0.7823,0.0778,0.2024,0.1124
745_YAHOO_id_195_WebService_tr_500_1st_326,0.034063,0.52 s,0.6325,0.0432,0.1401,0.0661
682_YAHOO_id_132_WebService_tr_500_1st_354,0.034065,0.51 s,0.6858,0.0762,0.213,0.1123
706_YAHOO_id_156_WebService_tr_500_1st_201,0.034067,0.51 s,0.741,0.1114,0.2383,0.1518
604_YAHOO_id_54_WebService_tr_500_1st_116,0.034071,0.51 s,0.7123,0.0591,0.2049,0.0917
661_YAHOO_id_111_WebService_tr_500_1st_279,0.034078,0.51 s,0.8005,0.1758,0.4974,0.2598
596_YAHOO_id_46_WebService_tr_500_1st_666,0.034083,0.51 s,0.8607,0.0494,0.4013,0.088
677_YAHOO_id_127_WebService_tr_500_1st_46,0.034118,0.53 s,0.4972,0.0104,0.0297,0.0154
144_MSL_id_5_Sensor_tr_1525_1st_4590,0.036611,2.15 s,0.4294,0.0109,0.0154,0.0128
019_NAB_id_19_Facility_tr_1007_1st_1171,0.03837,1.36 s,0.5931,0.2878,0.0275,0.0502
011_NAB_id_11_Facility_tr_1007_1st_1526,0.039511,1.37 s,0.8679,0.972,0.23,0.3719
001_NAB_id_1_Facility_tr_1007_1st_2014,0.040634,1.37 s,0.5188,1.0,0.012,0.0236
002_NAB_id_2_WebService_tr_1500_1st_4106,0.040965,2.10 s,0.6777,0.826,0.0275,0.0532
022_NAB_id_22_Facility_tr_1007_1st_2980,0.041698,1.39 s,0.8475,0.7663,0.1179,0.2044
531_SMAP_id_1_Sensor_tr_1811_1st_4510,0.043476,2.56 s,0.9472,1.0,0.0123,0.0243
004_NAB_id_4_Facility_tr_1007_1st_1437,0.044654,1.36 s,0.8576,1.0,0.0074,0.0148
542_SMAP_id_12_Sensor_tr_1908_1st_4690,0.047744,2.67 s,0.8877,1.0,0.0642,0.1207
141_MSL_id_2_Sensor_tr_500_1st_550,0.047861,0.72 s,0.6219,0.3116,0.0357,0.0641
538_SMAP_id_8_Sensor_tr_2007_1st_3650,0.05048,2.82 s,0.9,0.6105,0.3289,0.4275
147_MSL_id_8_Sensor_tr_590_1st_690,0.051673,0.78 s,0.5887,0.2517,0.0583,0.0947
145_MSL_id_6_Sensor_tr_530_1st_630,0.052065,0.77 s,0.6943,0.1618,0.0623,0.09
534_SMAP_id_4_Sensor_tr_1968_1st_4370,0.055128,2.76 s,0.9536,1.0,0.0195,0.0383
400_UCR_id_98_Environment_tr_2046_1st_5391,0.056019,2.90 s,0.2449,0.0,0.0,0.0
495_UCR_id_193_Environment_tr_2046_1st_6520,0.056067,2.64 s,0.421,0.0,0.0,0.0
499_UCR_id_197_Environment_tr_2046_1st_5703,0.056121,2.88 s,0.5241,0.0,0.0,0.0
393_UCR_id_91_Environment_tr_2046_1st_4852,0.056248,2.89 s,0.4973,0.0,0.0,0.0
387_UCR_id_85_Environment_tr_2046_1st_5549,0.056251,2.71 s,0.5927,0.0251,0.096,0.0398
463_UCR_id_161_Environment_tr_2046_1st_6006,0.056258,2.65 s,0.4611,0.0,0.0,0.0
863_OPPORTUNITY_id_22_HumanActivity_tr_808_1st_908,0.064661,2.95 s,0.336,0.2642,0.0512,0.0858
012_NAB_id_12_Synthetic_tr_1007_1st_2787,0.067101,1.28 s,0.2319,0.1029,0.0088,0.0162
015_NAB_id_15_Synthetic_tr_1007_1st_2787,0.067233,1.25 s,0.2595,0.0508,0.0058,0.0105
024_NAB_id_24_Synthetic_tr_1007_1st_2787,0.067242,1.25 s,0.6947,1.0,0.1585,0.2736
020_NAB_id_20_Synthetic_tr_1007_1st_2679,0.067341,1.24 s,0.3654,0.0,0.0,0.0
843_OPPORTUNITY_id_2_HumanActivity_tr_808_1st_908,0.070444,2.94 s,0.4106,0.4512,0.0831,0.1404
855_OPPORTUNITY_id_14_HumanActivity_tr_808_1st_908,0.071539,3.02 s,0.2453,0.0956,0.0176,0.0297
259_TAO_id_3_Environment_tr_500_1st_7,0.071893,3.28 s,0.9997,0.9875,0.6626,0.793
856_OPPORTUNITY_id_15_HumanActivity_tr_808_1st_908,0.072231,2.96 s,0.2612,0.1221,0.0172,0.0301
860_OPPORTUNITY_id_19_HumanActivity_tr_808_1st_908,0.072742,3.27 s,0.3429,0.2547,0.0415,0.0714
858_OPPORTUNITY_id_17_HumanActivity_tr_808_1st_908,0.073282,3.29 s,0.3522,0.591,0.0839,0.147
148_MSL_id_9_Sensor_tr_883_1st_1238,0.073638,1.20 s,0.7384,0.9416,0.1036,0.1866
867_OPPORTUNITY_id_26_HumanActivity_tr_808_1st_908,0.076082,3.24 s,0.2399,0.0964,0.0171,0.0291
853_OPPORTUNITY_id_12_HumanActivity_tr_808_1st_908,0.077564,3.27 s,0.336,0.2636,0.0373,0.0653
334_UCR_id_32_HumanActivity_tr_1671_1st_2764,0.079675,2.42 s,0.3682,0.0165,0.0082,0.011
401_UCR_id_99_HumanActivity_tr_1671_1st_5920,0.079697,2.41 s,0.9111,0.1015,0.2254,0.1399
397_UCR_id_95_Medical_tr_1830_1st_4675,0.079702,2.60 s,0.5125,0.1447,0.0377,0.0598
371_UCR_id_69_Medical_tr_1853_1st_6200,0.080754,2.66 s,0.5329,0.0148,0.0137,0.0142
489_UCR_id_187_Medical_tr_1875_1st_4485,0.081605,2.69 s,0.4826,0.0025,0.0046,0.0033
410_UCR_id_108_Medical_tr_1875_1st_4187,0.081613,2.67 s,0.5969,0.0,0.0,0.0
383_UCR_id_81_Medical_tr_1875_1st_3198,0.081613,2.66 s,0.4236,0.0025,0.0023,0.0024
484_UCR_id_182_Medical_tr_1875_1st_5759,0.081613,2.68 s,0.526,0.0113,0.0116,0.0114
326_UCR_id_24_Medical_tr_1875_1st_4187,0.081625,2.73 s,0.3567,0.0,0.0,0.0
335_UCR_id_33_Medical_tr_1875_1st_4526,0.081632,2.66 s,0.4445,0.0,0.0,0.0
486_UCR_id_184_Medical_tr_1875_1st_5607,0.081632,2.67 s,0.7578,0.0244,0.1222,0.0406
509_UCR_id_207_Medical_tr_1875_1st_6599,0.081656,2.64 s,0.3393,0.0,0.0,0.0
324_UCR_id_22_Medical_tr_1875_1st_5865,0.08169,2.65 s,0.4218,0.0002,0.0002,0.0002
847_OPPORTUNITY_id_6_HumanActivity_tr_808_1st_908,0.082217,3.21 s,0.3491,0.3357,0.0558,0.0958
481_UCR_id_179_Medical_tr_1900_1st_5684,0.082782,2.70 s,0.5487,0.0298,0.0295,0.0296
328_UCR_id_26_Medical_tr_1913_1st_3474,0.083311,2.49 s,0.6525,0.1255,0.0723,0.0918
143_MSL_id_4_Sensor_tr_980_1st_3550,0.084303,1.27 s,0.9392,0.9987,0.5432,0.7036
465_UCR_id_163_HumanActivity_tr_1671_1st_5920,0.086428,2.18 s,0.9011,0.1238,0.2685,0.1695
512_UCR_id_210_HumanActivity_tr_1671_1st_2764,0.086438,2.17 s,0.365,0.0162,0.0086,0.0113
380_UCR_id_78_Medical_tr_1830_1st_4675,0.087095,2.39 s,0.5245,0.0977,0.0429,0.0596
269_IOPS_id_10_WebService_tr_1216_1st_1728,0.087548,1.57 s,0.8637,0.5038,0.4522,0.4766
462_UCR_id_160_Medical_tr_1853_1st_6200,0.088147,2.45 s,0.51,0.01,0.0056,0.0072
321_UCR_id_19_Medical_tr_1875_1st_4485,0.089153,2.46 s,0.4468,0.0,0.0,0.0
524_UCR_id_222_Medical_tr_1875_1st_5865,0.089153,2.49 s,0.4359,0.0,0.0,0.0
396_UCR_id_94_Medical_tr_1875_1st_5607,0.089159,2.47 s,0.799,0.0182,0.1077,0.0312
403_UCR_id_101_Medical_tr_1875_1st_4187,0.089162,2.43 s,0.441,0.0,0.0,0.0
436_UCR_id_134_Medical_tr_1875_1st_4526,0.089168,2.45 s,0.3578,0.0,0.0,0.0
391_UCR_id_89_Medical_tr_1875_1st_5759,0.089186,2.47 s,0.5304,0.0134,0.0139,0.0137
377_UCR_id_75_Medical_tr_1875_1st_6599,0.089187,2.70 s,0.2924,0.0,0.0,0.0
469_UCR_id_167_Medical_tr_1875_1st_4187,0.089196,2.65 s,0.6752,0.0009,0.0176,0.0017
353_UCR_id_51_Medical_tr_1875_1st_3198,0.089198,2.65 s,0.4682,0.0047,0.0063,0.0054
442_UCR_id_140_Medical_tr_1875_1st_4187,0.089198,2.47 s,0.4073,0.0,0.0,0.0
466_UCR_id_164_Medical_tr_1900_1st_5684,0.090316,2.47 s,0.4958,0.0222,0.0213,0.0217
257_TAO_id_1_Environment_tr_500_1st_3,0.090584,3.61 s,0.9986,1.0,0.4496,0.6203
398_UCR_id_96_Medical_tr_1913_1st_3474,0.090971,2.69 s,0.5034,0.0797,0.0155,0.026
359_UCR_id_57_Medical_tr_1913_1st_3474,0.090986,2.74 s,0.5228,0.0399,0.0247,0.0305
156_Stock_id_8_Finance_tr_500_1st_24,0.093974,3.57 s,0.9969,0.982,0.5541,0.7085
151_Stock_id_3_Finance_tr_500_1st_62,0.093983,3.61 s,0.9987,0.9854,0.6027,0.7479
153_Stock_id_5_Finance_tr_500_1st_1,0.094,3.64 s,0.9905,0.9524,0.57,0.7132
161_Stock_id_13_Finance_tr_500_1st_3,0.094036,3.57 s,0.9992,0.9856,0.591,0.7389
167_Stock_id_19_Finance_tr_500_1st_7,0.094036,3.57 s,0.9992,0.9902,0.6504,0.7852
545_SMAP_id_15_Sensor_tr_1173_1st_2750,0.0941,1.64 s,0.9666,0.2402,0.4602,0.3156
096_WSD_id_68_WebService_tr_1341_1st_1441,0.094295,3.83 s,0.4264,0.0079,0.0622,0.014
003_NAB_id_3_WebService_tr_1362_1st_1462,0.095143,5.73 s,0.6621,0.7103,0.0086,0.0169
258_TAO_id_2_Environment_tr_500_1st_4,0.095742,3.70 s,0.999,1.0,0.2031,0.3376
032_WSD_id_4_WebService_tr_4559_1st_11822,0.096177,3.81 s,0.5509,0.0193,0.1429,0.0341
385_UCR_id_83_Environment_tr_2046_1st_6006,0.097263,2.89 s,0.4834,0.0011,0.0037,0.0016
496_UCR_id_194_Environment_tr_2046_1st_5391,0.0973,2.70 s,0.2271,0.0,0.0,0.0
411_UCR_id_109_Environment_tr_2046_1st_4852,0.097313,2.68 s,0.4866,0.0,0.0,0.0
504_UCR_id_202_Environment_tr_2046_1st_5549,0.097315,2.75 s,0.6291,0.0263,0.1005,0.0416
506_UCR_id_204_Environment_tr_2046_1st_5549,0.097319,2.71 s,0.6425,0.0357,0.1428,0.0572
386_UCR_id_84_Environment_tr_2046_1st_5703,0.097325,2.73 s,0.7277,0.0032,0.0228,0.0057
474_UCR_id_172_Environment_tr_2046_1st_6520,0.097354,2.73 s,0.4732,0.0,0.0,0.0
535_SMAP_id_5_Sensor_tr_1113_1st_1890,0.097936,1.39 s,0.9886,0.9994,0.7362,0.8478
072_WSD_id_44_WebService_tr_1691_1st_1791,0.098827,4.18 s,0.7217,0.8964,0.1531,0.2615
006_NAB_id_6_Traffic_tr_2579_1st_5839,0.100637,3.55 s,0.5002,0.0747,0.0127,0.0217
537_SMAP_id_7_Sensor_tr_2077_1st_5394,0.1018,2.74 s,0.8815,1.0,0.1388,0.2438
070_WSD_id_42_WebService_tr_2102_1st_2202,0.102521,3.88 s,0.5042,0.0396,0.135,0.0612
301_TODS_id_15_Synthetic_tr_500_1st_245,0.103218,1.61 s,0.472,0.0247,0.0061,0.0098
303_UCR_id_1_Medical_tr_2499_1st_8000,0.103674,3.69 s,0.2799,0.0,0.0,0.0
374_UCR_id_72_Medical_tr_2500_1st_7000,0.103678,3.59 s,0.5424,0.0026,0.0156,0.0045
304_UCR_id_2_Medical_tr_2499_1st_7000,0.103796,3.57 s,0.5349,0.0086,0.0285,0.0132
514_UCR_id_212_Medical_tr_2499_1st_6508,0.1038,3.60 s,0.3932,0.0021,0.002,0.002
366_UCR_id_64_Medical_tr_2507_1st_8500,0.104061,3.64 s,0.3516,0.0,0.0,0.0
162_Stock_id_14_Finance_tr_500_1st_4,0.104199,3.61 s,0.9956,1.0,0.2614,0.4144
157_Stock_id_9_Finance_tr_500_1st_19,0.104321,3.64 s,0.9896,1.0,0.2615,0.4146
168_Stock_id_20_Finance_tr_500_1st_1,0.104374,3.35 s,0.9842,1.0,0.2563,0.408
163_Stock_id_15_Finance_tr_500_1st_3,0.104468,3.39 s,0.9977,1.0,0.2313,0.3758
150_Stock_id_2_Finance_tr_500_1st_7,0.10456,3.37 s,0.9888,0.9994,0.2361,0.3819
295_TODS_id_9_Synthetic_tr_1250_1st_2046,0.105259,1.62 s,0.4941,0.0644,0.0143,0.0234
287_TODS_id_1_Synthetic_tr_500_1st_11,0.106287,1.60 s,0.8144,0.898,0.0144,0.0283
292_TODS_id_6_Synthetic_tr_500_1st_11,0.106339,1.61 s,0.52,0.5056,0.0074,0.0147
300_TODS_id_14_Synthetic_tr_1250_1st_2555,0.106343,1.74 s,0.4901,0.0566,0.0069,0.0124
294_TODS_id_8_Synthetic_tr_500_1st_200,0.106356,1.74 s,0.5149,0.0813,0.0128,0.0222
293_TODS_id_7_Synthetic_tr_500_1st_7,0.10636,1.75 s,0.5905,0.0058,0.0003,0.0005
296_TODS_id_10_Synthetic_tr_500_1st_26,0.106361,1.74 s,0.5469,0.3209,0.0345,0.0622
288_TODS_id_2_Synthetic_tr_500_1st_65,0.106361,1.76 s,0.5118,0.0944,0.0257,0.0404
289_TODS_id_3_Synthetic_tr_500_1st_26,0.106371,1.74 s,0.3886,0.0,0.0,0.0
290_TODS_id_4_Synthetic_tr_500_1st_26,0.106376,1.75 s,0.462,0.0906,0.0093,0.0168
291_TODS_id_5_Synthetic_tr_500_1st_11,0.106383,1.81 s,0.2259,0.0,0.0,0.0
025_NAB_id_25_WebService_tr_3958_1st_4614,0.10642,5.73 s,0.6553,0.5891,0.0024,0.0048
298_TODS_id_12_Synthetic_tr_500_1st_0,0.106605,1.80 s,0.5818,0.2883,0.0883,0.1352
297_TODS_id_11_Synthetic_tr_500_1st_7,0.106701,1.74 s,0.5312,0.0917,0.0371,0.0528
516_UCR_id_214_HumanActivity_tr_2108_1st_4702,0.106811,3.00 s,0.8291,0.0,0.0,0.0
339_UCR_id_37_Sensor_tr_2750_1st_5400,0.106957,3.94 s,0.5926,0.0881,0.0806,0.0842
479_UCR_id_177_Medical_tr_2000_1st_7000,0.106967,2.89 s,0.5124,0.0721,0.0477,0.0574
299_TODS_id_13_Synthetic_tr_500_1st_65,0.107262,1.74 s,0.6432,0.823,0.1408,0.2405
235_SED_id_2_Medical_tr_2499_1st_3840,0.10946,3.55 s,0.2175,0.0,0.0,0.0
267_IOPS_id_8_WebService_tr_1534_1st_1882,0.109679,2.14 s,0.7512,0.0948,0.1343,0.1111
844_OPPORTUNITY_id_3_HumanActivity_tr_500_1st_566,0.110367,5.68 s,0.8284,0.2879,0.1006,0.1491
016_NAB_id_16_Environment_tr_1816_1st_3540,0.110661,2.58 s,0.55,0.3602,0.0722,0.1203
075_WSD_id_47_WebService_tr_3296_1st_3468,0.114544,4.81 s,0.581,0.0216,0.1863,0.0387
102_WSD_id_74_WebService_tr_3306_1st_3639,0.115,4.49 s,0.5448,0.017,0.1786,0.031
094_WSD_id_66_WebService_tr_3309_1st_3914,0.116292,4.43 s,0.4719,0.0144,0.129,0.0259
077_WSD_id_49_WebService_tr_3310_1st_3716,0.116532,4.49 s,0.4861,0.0346,0.1758,0.0578
850_OPPORTUNITY_id_9_HumanActivity_tr_895_1st_995,0.118425,4.94 s,0.6131,0.0439,0.0326,0.0374
085_WSD_id_57_WebService_tr_780_1st_880,0.123563,5.57 s,0.8422,0.6045,0.4884,0.5403
862_OPPORTUNITY_id_21_HumanActivity_tr_500_1st_566,0.125293,5.70 s,0.7056,0.3793,0.1359,0.2001
142_MSL_id_3_Sensor_tr_1525_1st_4575,0.127683,1.97 s,0.9608,0.5301,0.3655,0.4327
852_OPPORTUNITY_id_11_HumanActivity_tr_500_1st_566,0.129635,5.32 s,0.7363,0.3105,0.1365,0.1897
116_WSD_id_88_WebService_tr_3934_1st_13861,0.130181,5.25 s,0.8088,0.0081,0.5156,0.0159
475_UCR_id_173_Medical_tr_3000_1st_8612,0.130676,4.31 s,0.4994,0.018,0.0639,0.0281
361_UCR_id_59_Medical_tr_3000_1st_7175,0.130681,4.36 s,0.4913,0.014,0.0192,0.0162
523_UCR_id_221_Facility_tr_3000_1st_6527,0.130681,4.31 s,0.5171,0.0196,0.0609,0.0296
309_UCR_id_7_Medical_tr_3000_1st_5948,0.130792,4.36 s,0.5786,0.0049,0.0304,0.0085
325_UCR_id_23_Medical_tr_3000_1st_6168,0.130809,4.30 s,0.3467,0.0,0.0,0.0
869_OPPORTUNITY_id_28_HumanActivity_tr_500_1st_566,0.131428,5.71 s,0.7413,0.3037,0.0999,0.1504
133_WSD_id_105_WebService_tr_3934_1st_5937,0.132167,5.65 s,0.8774,0.0411,0.5644,0.0767
473_UCR_id_171_HumanActivity_tr_2617_1st_7290,0.133586,3.73 s,0.7161,0.0028,0.0877,0.0053
318_UCR_id_16_Medical_tr_2499_1st_7000,0.133587,3.56 s,0.5312,0.0059,0.0148,0.0085
483_UCR_id_181_Medical_tr_2499_1st_6508,0.133623,3.57 s,0.3534,0.0012,0.0055,0.002
857_OPPORTUNITY_id_16_HumanActivity_tr_500_1st_566,0.133627,5.67 s,0.7305,0.3115,0.1003,0.1517
437_UCR_id_135_Medical_tr_2499_1st_8000,0.133632,3.60 s,0.3619,0.0005,0.0047,0.0009
320_UCR_id_18_Medical_tr_2500_1st_7000,0.133732,3.55 s,0.5486,0.0046,0.0176,0.0073
306_UCR_id_4_Medical_tr_2507_1st_8500,0.134138,3.62 s,0.2832,0.0,0.0,0.0
310_UCR_id_8_HumanActivity_tr_2631_1st_8285,0.134155,3.82 s,0.4712,0.0003,0.002,0.0005
864_OPPORTUNITY_id_23_HumanActivity_tr_895_1st_995,0.134425,5.32 s,0.8992,0.4963,0.3244,0.3924
859_OPPORTUNITY_id_18_HumanActivity_tr_895_1st_995,0.135277,5.30 s,0.764,0.2982,0.2205,0.2536
073_WSD_id_45_WebService_tr_3392_1st_3492,0.135295,5.45 s,0.7846,0.356,0.3458,0.3509
041_WSD_id_13_WebService_tr_4296_1st_5196,0.135751,6.18 s,0.8075,1.0,0.1016,0.1844
049_WSD_id_21_WebService_tr_4297_1st_7097,0.135863,6.25 s,0.7491,0.0444,0.3281,0.0782
271_IOPS_id_12_WebService_tr_500_1st_341,0.136612,3.13 s,0.6501,0.0533,0.0739,0.0619
369_UCR_id_67_Sensor_tr_2750_1st_5400,0.136769,3.64 s,0.5789,0.0826,0.0818,0.0822
417_UCR_id_115_Sensor_tr_2750_1st_5400,0.136871,3.66 s,0.585,0.0631,0.078,0.0698
135_WSD_id_107_WebService_tr_3779_1st_3879,0.137953,5.16 s,0.9139,0.9471,0.5598,0.7037
111_WSD_id_83_WebService_tr_3934_1st_7531,0.139913,5.73 s,0.5784,0.0047,0.3312,0.0092
089_WSD_id_61_WebService_tr_1010_1st_1110,0.140915,5.88 s,0.8407,0.4755,0.4209,0.4466
051_WSD_id_23_WebService_tr_3919_1st_5154,0.14109,5.67 s,0.5826,0.0155,0.0998,0.0269
854_OPPORTUNITY_id_13_HumanActivity_tr_1477_1st_1577,0.142096,5.96 s,0.902,0.3717,0.3549,0.3631
188_SMD_id_11_Facility_tr_500_1st_392,0.142554,7.95 s,0.8342,1.0,0.0456,0.0872
870_OPPORTUNITY_id_29_HumanActivity_tr_1477_1st_1577,0.142983,6.06 s,0.7788,0.1184,0.1533,0.1336
038_WSD_id_10_WebService_tr_4042_1st_4142,0.143375,6.00 s,0.874,0.7238,0.5129,0.6003
039_WSD_id_11_WebService_tr_1746_1st_1846,0.144009,6.04 s,0.8339,0.9341,0.2895,0.442
128_WSD_id_100_WebService_tr_4068_1st_4168,0.144048,6.65 s,0.7022,0.3031,0.1475,0.1985
134_WSD_id_106_WebService_tr_4559_1st_7990,0.144058,6.57 s,0.761,0.206,0.1869,0.196
044_WSD_id_16_WebService_tr_4559_1st_6975,0.144459,6.65 s,0.6368,0.175,0.1245,0.1455
052_WSD_id_24_WebService_tr_4559_1st_9102,0.144472,6.55 s,0.6903,0.0619,0.25,0.0992
092_WSD_id_64_WebService_tr_500_1st_118,0.144486,6.65 s,0.8584,0.3262,0.418,0.3665
081_WSD_id_53_WebService_tr_4559_1st_8448,0.144561,6.08 s,0.8155,0.6406,0.128,0.2133
034_WSD_id_6_WebService_tr_4559_1st_8461,0.144562,6.11 s,0.7746,0.5183,0.2465,0.3341
066_WSD_id_38_WebService_tr_3320_1st_3420,0.144584,6.11 s,0.7915,0.3147,0.1932,0.2394
080_WSD_id_52_WebService_tr_1538_1st_1638,0.144619,6.10 s,0.7221,0.6698,0.2937,0.4084
136_WSD_id_108_WebService_tr_3414_1st_3514,0.14466,6.01 s,0.8192,0.7322,0.4052,0.5217
132_WSD_id_104_WebService_tr_4037_1st_4137,0.144672,6.05 s,0.7678,0.2649,0.3261,0.2923
180_SMD_id_3_Facility_tr_5925_1st_17580,0.145905,7.95 s,0.9905,1.0,0.2256,0.3682
139_WSD_id_111_WebService_tr_1701_1st_1801,0.146351,6.13 s,0.8304,0.935,0.4814,0.6355
526_UCR_id_224_Sensor_tr_2827_1st_4711,0.147321,3.71 s,0.4779,0.0013,0.0042,0.002
848_OPPORTUNITY_id_7_HumanActivity_tr_1477_1st_1577,0.147583,5.98 s,0.8462,0.3464,0.2591,0.2965
373_UCR_id_71_Sensor_tr_2827_1st_5988,0.147631,3.75 s,0.5317,0.0109,0.0427,0.0174
405_UCR_id_103_Sensor_tr_2827_1st_5988,0.147658,3.73 s,0.5358,0.0081,0.0276,0.0125
426_UCR_id_124_Sensor_tr_2827_1st_4711,0.147782,3.72 s,0.4806,0.0069,0.0261,0.0109
364_UCR_id_62_Sensor_tr_2833_1st_5988,0.147924,3.75 s,0.4659,0.0009,0.0028,0.0013
071_WSD_id_43_WebService_tr_3387_1st_3487,0.148057,6.05 s,0.7957,0.7636,0.0957,0.1701
313_UCR_id_11_Sensor_tr_2827_1st_4711,0.148333,3.68 s,0.4821,0.0045,0.0157,0.0071
449_UCR_id_147_Sensor_tr_2847_1st_9330,0.148541,3.73 s,0.7077,0.0053,0.1797,0.0102
316_UCR_id_14_Sensor_tr_2833_1st_5988,0.148688,4.11 s,0.4339,0.0021,0.0079,0.0033
344_UCR_id_42_Sensor_tr_2851_1st_5365,0.148868,4.06 s,0.3994,0.0,0.0,0.0
493_UCR_id_191_Sensor_tr_2847_1st_9330,0.149385,3.77 s,0.7148,0.0042,0.1523,0.0082
347_UCR_id_45_Sensor_tr_2851_1st_5365,0.149615,4.21 s,0.3972,0.0,0.0,0.0
047_WSD_id_19_WebService_tr_4559_1st_16362,0.149627,6.66 s,0.9718,0.0737,0.9358,0.1366
031_WSD_id_3_WebService_tr_826_1st_926,0.152664,6.62 s,0.9605,0.0585,0.6134,0.1068
124_WSD_id_96_WebService_tr_4559_1st_14350,0.152814,6.62 s,0.8495,0.0158,0.584,0.0308
120_WSD_id_92_WebService_tr_2329_1st_2429,0.152967,6.24 s,0.5023,0.0285,0.1245,0.0464
194_SMD_id_17_Facility_tr_5925_1st_17580,0.155003,8.60 s,0.9303,0.9332,0.2644,0.4121
539_SMAP_id_9_Sensor_tr_1857_1st_4270,0.155552,2.61 s,0.9456,0.2147,0.467,0.2942
090_WSD_id_62_WebService_tr_2281_1st_2381,0.156057,4.67 s,0.8601,0.9971,0.4853,0.6528
097_WSD_id_69_WebService_tr_4520_1st_6465,0.158561,6.56 s,0.4699,0.007,0.0769,0.0128
082_WSD_id_54_WebService_tr_4437_1st_4805,0.158652,6.49 s,0.8138,1.0,0.1175,0.2103
115_WSD_id_87_WebService_tr_2252_1st_2352,0.15867,6.76 s,0.4939,0.0478,0.1072,0.0661
030_WSD_id_2_WebService_tr_4499_1st_4599,0.158739,6.73 s,0.4588,0.0209,0.1051,0.0349
104_WSD_id_76_WebService_tr_3047_1st_3147,0.158752,6.19 s,0.5247,0.0407,0.1387,0.0629
091_WSD_id_63_WebService_tr_500_1st_363,0.158843,6.15 s,0.4765,0.0397,0.1073,0.0579
541_SMAP_id_11_Sensor_tr_1832_1st_5300,0.159049,2.45 s,0.6125,0.1425,0.0553,0.0797
125_WSD_id_97_WebService_tr_2217_1st_2317,0.159281,6.17 s,0.4808,0.0329,0.0918,0.0484
093_WSD_id_65_WebService_tr_1125_1st_1225,0.15968,6.17 s,0.6136,0.0682,0.153,0.0943
060_WSD_id_32_WebService_tr_4576_1st_4766,0.159714,6.17 s,0.5651,0.0284,0.1182,0.0459
042_WSD_id_14_WebService_tr_3015_1st_3115,0.15979,6.44 s,0.6055,0.0585,0.1998,0.0906
127_WSD_id_99_WebService_tr_1164_1st_1264,0.159871,6.14 s,0.5242,0.0406,0.1438,0.0633
055_WSD_id_27_WebService_tr_3768_1st_3868,0.15999,6.20 s,0.4724,0.025,0.0971,0.0397
114_WSD_id_86_WebService_tr_500_1st_403,0.160112,6.12 s,0.4756,0.0141,0.0767,0.0238
054_WSD_id_26_WebService_tr_2409_1st_2509,0.160257,6.21 s,0.4308,0.0175,0.1195,0.0306
108_WSD_id_80_WebService_tr_2368_1st_2468,0.16029,6.13 s,0.5227,0.0392,0.0891,0.0544
046_WSD_id_18_WebService_tr_2357_1st_2457,0.160374,6.13 s,0.5012,0.0342,0.1193,0.0532
113_WSD_id_85_WebService_tr_500_1st_335,0.160642,6.04 s,0.4604,0.0269,0.1106,0.0433
123_WSD_id_95_WebService_tr_4559_1st_4901,0.160716,6.16 s,0.5351,0.0152,0.1659,0.0278
130_WSD_id_102_WebService_tr_2362_1st_2462,0.161962,6.10 s,0.6226,0.3619,0.1754,0.2363
122_WSD_id_94_WebService_tr_4559_1st_8618,0.162137,6.09 s,0.3977,0.0053,0.0356,0.0092
100_WSD_id_72_WebService_tr_4559_1st_10254,0.162199,6.06 s,0.946,0.8997,0.1121,0.1993
105_WSD_id_77_WebService_tr_2348_1st_2448,0.162332,6.24 s,0.5393,0.031,0.1307,0.0501
109_WSD_id_81_WebService_tr_3175_1st_3275,0.162452,6.04 s,0.9535,1.0,0.4112,0.5827
112_WSD_id_84_WebService_tr_2442_1st_2542,0.162498,6.15 s,0.5116,0.0263,0.174,0.0457
078_WSD_id_50_WebService_tr_2449_1st_2549,0.162622,6.14 s,0.4398,0.0302,0.1633,0.051
118_WSD_id_90_WebService_tr_4559_1st_6317,0.162734,6.10 s,0.7027,0.0026,0.366,0.0052
063_WSD_id_35_WebService_tr_2290_1st_2390,0.162961,6.12 s,0.4743,0.0077,0.0452,0.0132
098_WSD_id_70_WebService_tr_3575_1st_3675,0.163003,6.07 s,0.6367,0.0075,0.3326,0.0146
101_WSD_id_73_WebService_tr_1513_1st_1613,0.163127,6.60 s,0.7317,0.0324,0.1939,0.0555
053_WSD_id_25_WebService_tr_4559_1st_9198,0.16357,6.59 s,0.7045,0.0023,0.0766,0.0045
103_WSD_id_75_WebService_tr_1375_1st_1475,0.163636,6.74 s,0.6667,0.0273,0.1026,0.0432
088_WSD_id_60_WebService_tr_4548_1st_5596,0.163743,6.52 s,0.5435,0.0195,0.1306,0.0339
069_WSD_id_41_WebService_tr_4548_1st_13988,0.163756,6.61 s,0.5406,0.0074,0.2297,0.0143
068_WSD_id_40_WebService_tr_4549_1st_13322,0.163846,6.54 s,0.5694,0.0075,0.1166,0.014
035_WSD_id_7_WebService_tr_4555_1st_11911,0.164057,6.53 s,0.5211,0.0147,0.2158,0.0274
121_WSD_id_93_WebService_tr_4559_1st_11749,0.164122,6.62 s,0.4446,0.0153,0.1445,0.0277
099_WSD_id_71_WebService_tr_4559_1st_14411,0.164127,6.17 s,0.4549,0.0104,0.1114,0.0191
029_WSD_id_1_WebService_tr_4559_1st_10201,0.164129,6.10 s,0.559,0.0066,0.1134,0.0124
137_WSD_id_109_WebService_tr_4559_1st_14404,0.164129,6.11 s,0.4085,0.0113,0.0802,0.0198
064_WSD_id_36_WebService_tr_4559_1st_10195,0.164132,6.15 s,0.637,0.0053,0.0884,0.0099
048_WSD_id_20_WebService_tr_4559_1st_11813,0.164134,6.67 s,0.4966,0.0135,0.1051,0.0239
050_WSD_id_22_WebService_tr_4559_1st_12816,0.164186,6.58 s,0.4037,0.0049,0.0875,0.0092
067_WSD_id_39_WebService_tr_4559_1st_13973,0.164227,6.57 s,0.4491,0.0126,0.1131,0.0226
119_WSD_id_91_WebService_tr_4559_1st_12353,0.164252,6.61 s,0.3659,0.007,0.0833,0.0129
087_WSD_id_59_WebService_tr_4559_1st_12600,0.164298,6.65 s,0.6159,0.0022,0.0833,0.0044
033_WSD_id_5_WebService_tr_4559_1st_12588,0.164327,6.62 s,0.5486,0.0033,0.1072,0.0064
061_WSD_id_33_WebService_tr_4559_1st_9722,0.164362,6.50 s,0.5338,0.0142,0.1829,0.0264
040_WSD_id_12_WebService_tr_4559_1st_9714,0.164372,6.36 s,0.446,0.0124,0.1283,0.0226
107_WSD_id_79_WebService_tr_1095_1st_1195,0.164448,6.39 s,0.6686,0.0782,0.111,0.0918
106_WSD_id_78_WebService_tr_3363_1st_3463,0.164486,6.41 s,0.799,0.1973,0.3347,0.2483
059_WSD_id_31_WebService_tr_4559_1st_9058,0.164509,6.36 s,0.4819,0.0063,0.1046,0.0119
415_UCR_id_113_Medical_tr_3000_1st_8612,0.165011,4.50 s,0.5166,0.0205,0.0733,0.032
527_UCR_id_225_Medical_tr_3000_1st_5948,0.165017,4.54 s,0.6844,0.0044,0.0369,0.0078
305_UCR_id_3_Medical_tr_3000_1st_5948,0.165073,4.50 s,0.6382,0.0036,0.0265,0.0063
419_UCR_id_117_Facility_tr_3000_1st_6168,0.165081,4.54 s,0.4403,0.0,0.0,0.0
521_UCR_id_219_Facility_tr_3000_1st_6527,0.165117,4.41 s,0.5254,0.0246,0.0649,0.0356
451_UCR_id_149_Medical_tr_3000_1st_7175,0.165125,4.49 s,0.4658,0.0085,0.0113,0.0097
131_WSD_id_103_WebService_tr_4573_1st_7021,0.165554,6.65 s,0.7619,0.005,0.1637,0.0097
138_WSD_id_110_WebService_tr_4584_1st_6039,0.166159,6.89 s,0.5502,0.0046,0.1529,0.009
065_WSD_id_37_WebService_tr_3451_1st_3551,0.166504,6.75 s,0.7788,0.1176,0.2198,0.1532
037_WSD_id_9_WebService_tr_4583_1st_6214,0.167225,6.74 s,0.5119,0.0077,0.0714,0.014
544_SMAP_id_14_Sensor_tr_1978_1st_4450,0.169475,2.98 s,0.4256,0.0094,0.0072,0.0081
543_SMAP_id_13_Sensor_tr_2020_1st_4550,0.172014,2.97 s,0.6559,0.0162,0.0209,0.0182
868_OPPORTUNITY_id_27_HumanActivity_tr_2085_1st_2185,0.175519,8.13 s,0.5646,0.1162,0.0682,0.086
540_SMAP_id_10_Sensor_tr_2051_1st_4575,0.176036,2.94 s,0.5141,0.032,0.0212,0.0255
023_NAB_id_23_Facility_tr_4512_1st_16551,0.177096,6.56 s,0.6457,0.0519,0.0238,0.0326
533_SMAP_id_3_Sensor_tr_2052_1st_5300,0.177576,2.94 s,0.9768,0.9754,0.2041,0.3375
532_SMAP_id_2_Sensor_tr_2075_1st_5550,0.177878,2.94 s,0.6914,0.841,0.2054,0.3302
865_OPPORTUNITY_id_24_HumanActivity_tr_2085_1st_2185,0.178121,8.07 s,0.6782,0.25,0.1288,0.17
549_SMAP_id_19_Sensor_tr_1998_1st_2098,0.178278,3.05 s,0.7398,1.0,0.0108,0.0214
548_SMAP_id_18_Sensor_tr_2094_1st_5600,0.179152,2.99 s,0.668,0.0998,0.2219,0.1376
546_SMAP_id_16_Sensor_tr_2117_1st_4770,0.180827,2.99 s,0.3708,0.012,0.0152,0.0134
536_SMAP_id_6_Sensor_tr_2160_1st_5600,0.183067,3.06 s,0.9697,0.3317,0.4737,0.3902
261_IOPS_id_2_WebService_tr_2178_1st_2278,0.183495,3.08 s,0.5771,0.0114,0.2997,0.022
275_IOPS_id_16_WebService_tr_1482_1st_1582,0.183536,3.11 s,0.7576,0.0022,0.0055,0.0031
547_SMAP_id_17_Sensor_tr_2133_1st_5400,0.185927,3.06 s,0.7462,0.8043,0.2159,0.3404
155_Stock_id_7_Finance_tr_500_1st_18,0.187936,7.31 s,0.9982,0.9962,0.4834,0.6509
154_Stock_id_6_Finance_tr_500_1st_38,0.187951,7.29 s,0.9945,0.9973,0.5,0.666
149_Stock_id_1_Finance_tr_500_1st_7,0.187965,7.29 s,0.9927,0.9974,0.5178,0.6817
158_Stock_id_10_Finance_tr_500_1st_2,0.187999,7.31 s,0.9979,0.9964,0.4816,0.6494
160_Stock_id_12_Finance_tr_500_1st_14,0.188016,7.28 s,0.9977,0.9969,0.5183,0.682
846_OPPORTUNITY_id_5_HumanActivity_tr_2085_1st_2185,0.191077,8.11 s,0.6198,0.2517,0.1477,0.1862
866_OPPORTUNITY_id_25_HumanActivity_tr_6213_1st_7311,0.197346,9.11 s,0.3734,0.0487,0.0301,0.0372
198_SMD_id_21_Facility_tr_5925_1st_17580,0.198852,8.64 s,0.9766,0.9988,0.2091,0.3458
861_OPPORTUNITY_id_20_HumanActivity_tr_2085_1st_2185,0.199693,8.07 s,0.7238,0.391,0.204,0.2682
208_SMD_id_31_Facility_tr_5000_1st_15144,0.201229,7.24 s,0.835,0.7852,0.1762,0.2878
511_UCR_id_209_Medical_tr_7500_1st_11800,0.202137,10.28 s,0.6111,0.0217,0.0633,0.0323
482_UCR_id_180_Medical_tr_7500_1st_16000,0.202183,11.11 s,0.5333,0.0037,0.0357,0.0066
851_OPPORTUNITY_id_10_HumanActivity_tr_6213_1st_7311,0.202751,9.15 s,0.2129,0.0,0.0,0.0
363_UCR_id_61_Medical_tr_7500_1st_16000,0.206167,10.73 s,0.3973,0.0,0.0002,0.0
342_UCR_id_40_Medical_tr_7500_1st_17000,0.206171,10.43 s,0.3874,0.0,0.0,0.0
372_UCR_id_70_Medical_tr_7500_1st_17000,0.20622,10.29 s,0.4016,0.0,0.0,0.0
477_UCR_id_175_Medical_tr_7500_1st_17000,0.206256,10.88 s,0.5706,0.0057,0.0434,0.01
412_UCR_id_110_Medical_tr_7500_1st_16900,0.206304,10.50 s,0.5212,0.0054,0.021,0.0085
164_Stock_id_16_Finance_tr_500_1st_8,0.208645,6.96 s,0.9805,1.0,0.3217,0.4868
165_Stock_id_17_Finance_tr_500_1st_7,0.208826,7.35 s,0.9529,0.9997,0.3082,0.4712
159_Stock_id_11_Finance_tr_500_1st_5,0.208831,7.42 s,0.9857,0.9995,0.3147,0.4787
166_Stock_id_18_Finance_tr_500_1st_18,0.208847,7.37 s,0.994,0.9997,0.3262,0.4919
152_Stock_id_4_Finance_tr_500_1st_2,0.208981,7.30 s,0.9865,0.9997,0.3257,0.4913
062_WSD_id_34_WebService_tr_3371_1st_3471,0.20903,6.65 s,0.906,0.9994,0.5647,0.7216
204_SMD_id_27_Facility_tr_5000_1st_15144,0.212423,7.32 s,0.7953,0.579,0.1399,0.2254
185_SMD_id_8_Facility_tr_5000_1st_15144,0.215422,7.29 s,0.8285,0.751,0.1703,0.2777
126_WSD_id_98_WebService_tr_657_1st_757,0.216365,6.79 s,0.8497,0.6722,0.4094,0.5089
074_WSD_id_46_WebService_tr_990_1st_1090,0.217145,6.61 s,0.8717,0.9358,0.436,0.5948
076_WSD_id_48_WebService_tr_3821_1st_7083,0.21724,5.56 s,0.911,0.9273,0.3333,0.4904
197_SMD_id_20_Facility_tr_5000_1st_15144,0.2175,7.26 s,0.8327,0.8362,0.1851,0.3031
181_SMD_id_4_Facility_tr_5000_1st_15144,0.217705,6.72 s,0.8198,0.6941,0.1689,0.2717
187_SMD_id_10_Facility_tr_5000_1st_15849,0.217838,7.30 s,0.8244,0.6932,0.1158,0.1985
234_SED_id_1_Medical_tr_3740_1st_3840,0.218893,6.70 s,0.258,0.0,0.0,0.0
402_UCR_id_100_Medical_tr_7500_1st_19510,0.222002,11.01 s,0.5475,0.0019,0.0105,0.0032
849_OPPORTUNITY_id_8_HumanActivity_tr_1100_1st_1200,0.223771,9.24 s,0.841,0.5044,0.339,0.4055
058_WSD_id_30_WebService_tr_1136_1st_1236,0.225987,6.60 s,0.8868,0.0163,0.6366,0.0319
842_OPPORTUNITY_id_1_HumanActivity_tr_7295_1st_27516,0.227985,10.78 s,0.741,0.1026,0.1961,0.1347
845_OPPORTUNITY_id_4_HumanActivity_tr_7295_1st_27516,0.231287,10.80 s,0.9409,0.3025,0.4346,0.3567
117_WSD_id_89_WebService_tr_3251_1st_3351,0.237229,5.90 s,0.7322,0.0029,0.3377,0.0058
501_UCR_id_199_Facility_tr_7482_1st_29480,0.23922,10.94 s,0.4465,0.0,0.0,0.0
330_UCR_id_28_Facility_tr_7482_1st_23405,0.239427,11.10 s,0.4025,0.0006,0.0046,0.001
517_UCR_id_215_Facility_tr_7482_1st_24005,0.239433,11.14 s,0.4876,0.0019,0.0114,0.0032
500_UCR_id_198_Facility_tr_7482_1st_23357,0.239798,11.07 s,0.3917,0.0,0.0,0.0
354_UCR_id_52_Facility_tr_7482_1st_18485,0.240162,11.04 s,0.2639,0.0003,0.0005,0.0003
333_UCR_id_31_Facility_tr_7500_1st_13400,0.240736,11.05 s,0.4122,0.0077,0.0111,0.0091
079_WSD_id_51_WebService_tr_4559_1st_10672,0.242329,6.76 s,0.7776,0.0353,0.4323,0.0652
191_SMD_id_14_Facility_tr_4596_1st_4696,0.247123,8.46 s,0.8151,0.2661,0.4057,0.3214
086_WSD_id_58_WebService_tr_4436_1st_9529,0.251224,6.01 s,0.8565,1.0,0.2087,0.3453
192_SMD_id_15_Facility_tr_5925_1st_17580,0.255089,8.76 s,0.9267,0.7788,0.6004,0.6781
178_SMD_id_1_Facility_tr_6000_1st_10609,0.255746,8.17 s,0.561,0.0353,0.0504,0.0415
268_IOPS_id_9_WebService_tr_6216_1st_6316,0.257655,9.94 s,0.6395,0.2148,0.0513,0.0829
215_SMD_id_38_Facility_tr_5925_1st_17580,0.257973,8.01 s,0.9344,0.6937,0.4977,0.5796
189_SMD_id_12_Facility_tr_5925_1st_17580,0.258001,8.06 s,0.8478,1.0,0.1716,0.293
213_SMD_id_36_Facility_tr_5925_1st_17580,0.25802,8.05 s,0.9737,0.4963,0.4074,0.4475
205_SMD_id_28_Facility_tr_5925_1st_17580,0.258062,8.70 s,0.7871,0.0926,0.2646,0.1372
183_SMD_id_6_Facility_tr_5925_1st_17580,0.258082,8.66 s,0.8118,0.0997,0.2861,0.1479
186_SMD_id_9_Facility_tr_5925_1st_17580,0.258096,8.66 s,0.8843,0.9639,0.5189,0.6747
179_SMD_id_2_Facility_tr_5925_1st_17580,0.258097,8.68 s,0.7859,0.0683,0.2266,0.1049
195_SMD_id_18_Facility_tr_5925_1st_17580,0.258101,8.62 s,0.7752,0.1074,0.2672,0.1532
193_SMD_id_16_Facility_tr_5925_1st_17580,0.258115,8.71 s,0.676,0.025,0.0912,0.0392
214_SMD_id_37_Facility_tr_5925_1st_17580,0.258125,8.61 s,0.7602,0.0553,0.1926,0.086
212_SMD_id_35_Facility_tr_5925_1st_17580,0.258128,8.60 s,0.8304,0.9521,0.292,0.4469
210_SMD_id_33_Facility_tr_5925_1st_17580,0.258137,8.01 s,0.804,0.125,0.3174,0.1794
211_SMD_id_34_Facility_tr_5925_1st_17580,0.258139,8.00 s,0.9663,1.0,0.3177,0.4822
199_SMD_id_22_Facility_tr_5925_1st_17580,0.258187,7.98 s,0.8271,0.2907,0.324,0.3064
209_SMD_id_32_Facility_tr_5925_1st_17580,0.258454,8.15 s,0.9047,0.7989,0.4794,0.5992
838_Exathlon_id_29_Facility_tr_10766_1st_12590,0.25853,14.68 s,0.6568,0.3989,0.0164,0.0314
827_Exathlon_id_18_Facility_tr_10766_1st_12590,0.25853,14.83 s,0.7948,0.9461,0.1382,0.2411
822_Exathlon_id_13_Facility_tr_10766_1st_12590,0.25853,14.70 s,0.6476,0.4155,0.0179,0.0344
840_Exathlon_id_31_Facility_tr_10766_1st_12590,0.25853,14.80 s,0.78,0.8864,0.1479,0.2535
817_Exathlon_id_8_Facility_tr_10766_1st_12590,0.25853,14.65 s,0.6622,0.4093,0.0176,0.0338
824_Exathlon_id_15_Facility_tr_10766_1st_12590,0.25853,14.71 s,0.7825,0.8888,0.1352,0.2346
825_Exathlon_id_16_Facility_tr_10766_1st_12590,0.260437,14.72 s,0.8567,0.9725,0.0717,0.1336
811_Exathlon_id_2_Facility_tr_10766_1st_12590,0.260437,14.72 s,0.8458,0.953,0.0878,0.1607
814_Exathlon_id_5_Facility_tr_10766_1st_12590,0.260437,14.73 s,0.8824,0.9755,0.0756,0.1403
095_WSD_id_67_WebService_tr_2182_1st_2282,0.260688,6.12 s,0.8936,1.0,0.2025,0.3368
045_WSD_id_17_WebService_tr_2566_1st_2666,0.261371,6.06 s,0.8766,1.0,0.3333,0.5
833_Exathlon_id_24_Facility_tr_10766_1st_12590,0.261534,14.68 s,0.9613,0.9974,0.1452,0.2535
815_Exathlon_id_6_Facility_tr_10766_1st_12590,0.261534,14.84 s,0.9506,0.9976,0.136,0.2393
812_Exathlon_id_3_Facility_tr_10766_1st_12590,0.261534,14.70 s,0.959,0.9975,0.1347,0.2373
836_Exathlon_id_27_Facility_tr_10766_1st_12590,0.261534,14.74 s,0.969,0.9974,0.1422,0.2488
819_Exathlon_id_10_Facility_tr_10766_1st_12590,0.263885,14.73 s,0.8915,0.7612,0.0728,0.1329
043_WSD_id_15_WebService_tr_4521_1st_6828,0.26405,6.13 s,0.595,0.0048,0.3192,0.0095
129_WSD_id_101_WebService_tr_4448_1st_9592,0.269262,5.95 s,0.8489,0.9915,0.227,0.3694
206_SMD_id_29_Facility_tr_6250_1st_21230,0.272165,8.47 s,0.5659,0.0098,0.0834,0.0176
202_SMD_id_25_Facility_tr_6250_1st_21230,0.272226,8.45 s,0.534,0.0098,0.0893,0.0177
520_UCR_id_218_Medical_tr_9567_1st_16000,0.274383,12.94 s,0.3824,0.0,0.0,0.0
378_UCR_id_76_Medical_tr_9594_1st_11111,0.275059,13.03 s,0.4809,0.0,0.0,0.0
447_UCR_id_145_Medical_tr_9625_1st_12240,0.275297,13.07 s,0.5107,0.0006,0.0052,0.0011
518_UCR_id_216_Medical_tr_9625_1st_20950,0.27534,14.11 s,0.6941,0.029,0.1091,0.0459
057_WSD_id_29_WebService_tr_2229_1st_2329,0.277449,6.60 s,0.7656,1.0,0.07,0.1309
260_IOPS_id_1_WebService_tr_5000_1st_11804,0.283496,7.18 s,0.8515,1.0,0.1676,0.2871
036_WSD_id_8_WebService_tr_4504_1st_6898,0.28435,6.50 s,0.6002,0.0054,0.3322,0.0107
110_WSD_id_82_WebService_tr_500_1st_375,0.285578,6.60 s,0.773,0.9895,0.0556,0.1054
338_UCR_id_36_Facility_tr_9000_1st_12400,0.286642,13.16 s,0.426,0.0046,0.0076,0.0057
083_WSD_id_55_WebService_tr_4599_1st_4863,0.288813,6.21 s,0.9559,0.5766,0.2723,0.3699
319_UCR_id_17_Environment_tr_6166_1st_19280,0.293263,8.99 s,0.6208,0.0321,0.121,0.0507
445_UCR_id_143_Environment_tr_6166_1st_19280,0.293301,9.22 s,0.62,0.0284,0.0978,0.0441
467_UCR_id_165_Environment_tr_6166_1st_19280,0.293316,9.03 s,0.5788,0.0259,0.0901,0.0402
184_SMD_id_7_Facility_tr_7119_1st_15849,0.296015,10.47 s,0.7092,0.8905,0.0182,0.0357
443_UCR_id_141_Medical_tr_7456_1st_17390,0.296805,10.95 s,0.6248,0.0038,0.0279,0.0067
460_UCR_id_158_Medical_tr_7487_1st_27862,0.296971,10.94 s,0.4387,0.002,0.0232,0.0037
502_UCR_id_200_Medical_tr_7487_1st_16390,0.29706,10.97 s,0.7078,0.0066,0.1803,0.0127
376_UCR_id_74_Medical_tr_7500_1st_17210,0.297482,11.00 s,0.723,0.0188,0.2977,0.0354
351_UCR_id_49_Medical_tr_7464_1st_12190,0.297509,10.14 s,0.3202,0.0,0.0,0.0
302_Power_id_1_Facility_tr_7685_1st_7785,0.299032,11.93 s,0.4255,0.1083,0.0287,0.0454
395_UCR_id_93_Medical_tr_7516_1st_17390,0.299266,10.17 s,0.4784,0.0017,0.012,0.0029
452_UCR_id_150_Facility_tr_10000_1st_35774,0.305612,14.66 s,0.6564,0.0201,0.168,0.0359
471_UCR_id_169_Facility_tr_10000_1st_35774,0.307147,14.69 s,0.4913,0.002,0.0238,0.0036
207_SMD_id_30_Facility_tr_7174_1st_21230,0.310359,10.50 s,0.7074,0.1146,0.259,0.1589
835_Exathlon_id_26_Facility_tr_10766_1st_12590,0.310912,15.82 s,0.6029,0.2728,0.0224,0.0414
203_SMD_id_26_Facility_tr_7174_1st_21230,0.312039,10.55 s,0.6417,0.4531,0.2244,0.3002
200_SMD_id_23_Facility_tr_7174_1st_21230,0.312366,9.73 s,0.6475,0.5743,0.2223,0.3206
201_SMD_id_24_Facility_tr_7174_1st_21230,0.312502,9.75 s,0.6175,0.026,0.0922,0.0406
196_SMD_id_19_Facility_tr_7174_1st_21230,0.312517,9.82 s,0.6286,0.0355,0.1338,0.0561
182_SMD_id_5_Facility_tr_7174_1st_21230,0.31254,9.72 s,0.6055,0.0287,0.1035,0.0449
190_SMD_id_13_Facility_tr_7119_1st_15849,0.312921,9.67 s,0.661,0.8921,0.0467,0.0887
813_Exathlon_id_4_Facility_tr_10766_1st_12590,0.313894,14.69 s,0.8433,0.2896,0.0085,0.0165
084_WSD_id_56_WebService_tr_4559_1st_9616,0.330124,6.62 s,0.8895,0.0565,0.3631,0.0978
056_WSD_id_28_WebService_tr_4559_1st_9689,0.332391,6.58 s,0.9584,0.0568,0.6089,0.1039
810_Exathlon_id_1_Facility_tr_10766_1st_12590,0.333062,15.94 s,0.5173,0.0353,0.0082,0.0133
169_Daphnet_id_1_HumanActivity_tr_9693_1st_20732,0.339003,14.37 s,0.9076,0.5578,0.1175,0.1941
823_Exathlon_id_14_Facility_tr_10766_1st_12590,0.350637,15.94 s,0.9392,0.5277,0.0789,0.1373
389_UCR_id_87_Facility_tr_7482_1st_18485,0.355778,11.04 s,0.2532,0.0014,0.0024,0.0018
350_UCR_id_48_Facility_tr_7482_1st_23405,0.355805,11.03 s,0.3694,0.0009,0.006,0.0015
448_UCR_id_146_Facility_tr_7482_1st_23357,0.35587,11.03 s,0.4011,0.0,0.0,0.0
322_UCR_id_20_Facility_tr_7482_1st_24005,0.355907,10.24 s,0.5078,0.0025,0.0176,0.0044
513_UCR_id_211_Medical_tr_9967_1st_26929,0.355965,14.82 s,0.4236,0.001,0.0111,0.0018
394_UCR_id_92_Medical_tr_9967_1st_28995,0.359085,14.76 s,0.3729,0.0,0.0,0.0
522_UCR_id_220_Medical_tr_10217_1st_27929,0.360468,15.06 s,0.5132,0.0024,0.0319,0.0044
427_UCR_id_125_Medical_tr_10403_1st_10995,0.363506,15.38 s,0.4316,0.0003,0.0077,0.0005
407_UCR_id_105_Medical_tr_7500_1st_16900,0.374321,11.00 s,0.4722,0.0066,0.0251,0.0104
356_UCR_id_54_Medical_tr_7500_1st_16000,0.374565,11.04 s,0.3576,0.0,0.0,0.0
528_UCR_id_226_Medical_tr_7500_1st_17000,0.374617,10.99 s,0.3936,0.0,0.0,0.0
450_UCR_id_148_Medical_tr_7500_1st_16900,0.374621,11.00 s,0.5064,0.0065,0.0236,0.0102
446_UCR_id_144_Medical_tr_7500_1st_17000,0.374909,11.01 s,0.5782,0.0057,0.0451,0.0102
390_UCR_id_88_Medical_tr_7500_1st_17000,0.374974,10.18 s,0.3784,0.0,0.0,0.0
841_Exathlon_id_32_Facility_tr_11663_1st_13482,0.376124,17.39 s,0.9455,0.643,0.1826,0.2844
332_UCR_id_30_Facility_tr_13750_1st_52600,0.376258,20.37 s,0.4972,0.0,0.0,0.0
470_UCR_id_168_Medical_tr_10447_1st_10998,0.376979,15.39 s,0.4509,0.0,0.0013,0.0001
515_UCR_id_213_Medical_tr_10499_1st_15000,0.378002,15.42 s,0.6999,0.0077,0.0996,0.0143
818_Exathlon_id_9_Facility_tr_11665_1st_13484,0.380683,17.30 s,0.9669,0.7,0.1997,0.3108
382_UCR_id_80_Medical_tr_7500_1st_11800,0.381622,11.02 s,0.6067,0.0175,0.0596,0.0271
488_UCR_id_186_Medical_tr_7500_1st_16000,0.381727,11.05 s,0.508,0.0037,0.0363,0.0068
444_UCR_id_142_Medical_tr_10336_1st_17001,0.383804,15.20 s,0.568,0.0008,0.0495,0.0015
829_Exathlon_id_20_Facility_tr_10766_1st_12590,0.384043,15.83 s,0.8718,0.9689,0.0156,0.0307
816_Exathlon_id_7_Facility_tr_10766_1st_12590,0.384043,15.81 s,0.8701,0.9665,0.0162,0.0319
839_Exathlon_id_30_Facility_tr_10766_1st_12590,0.384043,15.91 s,0.8754,0.9678,0.0161,0.0316
832_Exathlon_id_23_Facility_tr_10766_1st_12590,0.384043,15.84 s,0.8708,0.9698,0.0158,0.0312
346_UCR_id_44_Medical_tr_7456_1st_17390,0.38449,10.16 s,0.5962,0.0035,0.0227,0.0061
424_UCR_id_122_Medical_tr_7464_1st_12190,0.384883,10.18 s,0.36,0.0,0.0,0.0
358_UCR_id_56_Facility_tr_10500_1st_29080,0.385077,14.37 s,0.4583,0.0,0.0,0.0
441_UCR_id_139_Facility_tr_7500_1st_13400,0.385622,10.16 s,0.4533,0.0066,0.0096,0.0078
464_UCR_id_162_Medical_tr_7487_1st_16390,0.385992,10.20 s,0.7238,0.0055,0.1452,0.0105
428_UCR_id_126_Medical_tr_7487_1st_27862,0.385994,10.24 s,0.5158,0.0013,0.0165,0.0025
329_UCR_id_27_Medical_tr_7500_1st_17210,0.386649,10.23 s,0.7148,0.0202,0.2996,0.0379
478_UCR_id_176_Medical_tr_7500_1st_17210,0.386695,10.25 s,0.7407,0.0212,0.3098,0.0398
519_UCR_id_217_Medical_tr_7516_1st_17390,0.387496,11.08 s,0.4871,0.0014,0.0093,0.0025
485_UCR_id_183_Medical_tr_7516_1st_17390,0.387527,11.04 s,0.4873,0.0016,0.0105,0.0027
357_UCR_id_55_Facility_tr_12500_1st_46600,0.391866,18.56 s,0.5517,0.005,0.0255,0.0084
420_UCR_id_118_Facility_tr_13750_1st_52600,0.392624,20.45 s,0.7936,0.0581,0.2909,0.0968
360_UCR_id_58_Facility_tr_14030_1st_52600,0.410688,20.96 s,0.7452,0.0265,0.1649,0.0456
837_Exathlon_id_28_Facility_tr_8898_1st_8998,0.415766,17.36 s,0.5704,0.786,0.1898,0.3057
821_Exathlon_id_12_Facility_tr_6985_1st_7085,0.419929,16.07 s,0.797,0.8236,0.0958,0.1716
236_SED_id_3_Medical_tr_3740_1st_3840,0.436384,13.71 s,0.2759,0.0,0.0,0.0
492_UCR_id_190_HumanActivity_tr_12500_1st_46500,0.43935,17.21 s,0.5095,0.013,0.0152,0.014
438_UCR_id_136_Medical_tr_14750_1st_57960,0.442303,22.10 s,0.752,0.0022,0.2578,0.0043
435_UCR_id_133_Medical_tr_14750_1st_47830,0.442673,22.30 s,0.6263,0.0021,0.124,0.0042
490_UCR_id_188_Medical_tr_14750_1st_47530,0.443932,22.48 s,0.4564,0.001,0.0039,0.0016
434_UCR_id_132_Medical_tr_14750_1st_57530,0.443938,22.36 s,0.4263,0.0032,0.0122,0.0051
429_UCR_id_127_Medical_tr_14825_1st_29000,0.448974,22.03 s,0.5754,0.0021,0.0197,0.0038
327_UCR_id_25_Medical_tr_15000_1st_51370,0.454013,22.32 s,0.5383,0.008,0.0296,0.0125
348_UCR_id_46_Facility_tr_9000_1st_12400,0.462887,13.25 s,0.4385,0.0056,0.0093,0.007
367_UCR_id_65_Medical_tr_9567_1st_16000,0.473001,13.02 s,0.3874,0.0,0.0,0.0
508_UCR_id_206_Medical_tr_9567_1st_16000,0.473088,13.02 s,0.3671,0.0,0.0,0.0
408_UCR_id_106_Medical_tr_9594_1st_11111,0.474755,13.02 s,0.4995,0.0,0.0,0.0
454_UCR_id_152_Medical_tr_9625_1st_20950,0.476081,13.16 s,0.6622,0.0272,0.1095,0.0435
370_UCR_id_68_Medical_tr_9625_1st_12240,0.476615,13.06 s,0.4796,0.0,0.0,0.0
418_UCR_id_116_Facility_tr_10000_1st_35774,0.506694,13.80 s,0.5107,0.002,0.0227,0.0037
468_UCR_id_166_Facility_tr_10000_1st_35774,0.506955,13.61 s,0.6735,0.0162,0.1365,0.0289
270_IOPS_id_11_WebService_tr_5638_1st_5738,0.53385,20.42 s,0.5981,0.0055,0.0482,0.0099
315_UCR_id_13_HumanActivity_tr_16000_1st_33070,0.570969,23.78 s,0.4669,0.0004,0.0037,0.0008
530_UCR_id_228_HumanActivity_tr_16250_1st_38500,0.571126,24.29 s,0.5276,0.0039,0.0066,0.0049
507_UCR_id_205_HumanActivity_tr_16000_1st_31200,0.572229,23.91 s,0.4986,0.0008,0.0005,0.0006
311_UCR_id_9_HumanActivity_tr_16000_1st_38400,0.572485,23.82 s,0.4407,0.0018,0.0014,0.0016
247_SVDB_id_11_Medical_tr_20100_1st_23611,0.590485,29.99 s,0.602,0.083,0.094,0.0882
830_Exathlon_id_21_Facility_tr_10766_1st_12590,0.6028,15.93 s,0.7541,0.8243,0.0752,0.1378
246_SVDB_id_10_Medical_tr_20100_1st_68460,0.610486,30.05 s,0.6752,0.0084,0.0295,0.013
430_UCR_id_128_HumanActivity_tr_12500_1st_46500,0.618361,18.67 s,0.4963,0.007,0.0213,0.0105
413_UCR_id_111_Facility_tr_12500_1st_46600,0.620946,18.62 s,0.5621,0.0048,0.0272,0.0082
399_UCR_id_97_Facility_tr_19948_1st_52000,0.625147,29.94 s,0.7246,0.0114,0.0508,0.0186
458_UCR_id_156_Facility_tr_20000_1st_56600,0.626269,29.88 s,0.3064,0.0,0.0,0.0
388_UCR_id_86_Facility_tr_17500_1st_23355,0.631133,26.02 s,0.6923,0.0048,0.1945,0.0093
828_Exathlon_id_19_Facility_tr_11663_1st_13482,0.649378,17.17 s,0.7876,0.7685,0.1305,0.2231
831_Exathlon_id_22_Facility_tr_11665_1st_13484,0.653052,17.49 s,0.8825,0.8706,0.1381,0.2384
820_Exathlon_id_11_Facility_tr_11665_1st_13484,0.653052,17.32 s,0.8705,0.8793,0.1407,0.2425
826_Exathlon_id_17_Facility_tr_11665_1st_13484,0.653052,17.23 s,0.8759,0.8771,0.1361,0.2356
834_Exathlon_id_25_Facility_tr_11665_1st_13484,0.653052,17.29 s,0.8699,0.8572,0.1475,0.2517
423_UCR_id_121_Facility_tr_13750_1st_52600,0.675786,20.37 s,0.4845,0.0,0.0,0.0
404_UCR_id_102_Facility_tr_13750_1st_52600,0.693161,20.44 s,0.7955,0.056,0.2874,0.0938
266_IOPS_id_7_WebService_tr_4010_1st_4110,0.704388,33.55 s,0.776,0.3629,0.1543,0.2165
343_UCR_id_41_Facility_tr_14030_1st_52600,0.708986,20.77 s,0.725,0.035,0.21,0.0599
223_LTDB_id_8_Medical_tr_4456_1st_4556,0.717566,37.85 s,0.5282,0.0448,0.0077,0.0131
222_LTDB_id_7_Medical_tr_3618_1st_3718,0.725365,37.77 s,0.7085,0.545,0.0604,0.1087
221_LTDB_id_6_Medical_tr_500_1st_26,0.729598,37.80 s,0.5754,0.2884,0.0238,0.0439
220_LTDB_id_5_Medical_tr_500_1st_26,0.736134,37.63 s,0.6117,0.6033,0.0467,0.0867
224_LTDB_id_9_Medical_tr_4456_1st_4556,0.743696,37.85 s,0.615,0.1272,0.0202,0.0349
238_SVDB_id_2_Medical_tr_25000_1st_71963,0.759757,37.84 s,0.6304,0.017,0.0635,0.0268
498_UCR_id_196_Medical_tr_15000_1st_51370,0.7612,22.11 s,0.5192,0.0084,0.0279,0.0129
494_UCR_id_192_Facility_tr_22500_1st_72150,0.774517,33.65 s,0.5032,0.0045,0.0161,0.007
219_LTDB_id_4_Medical_tr_3618_1st_3718,0.775251,37.83 s,0.7045,0.2142,0.0438,0.0728
265_IOPS_id_6_WebService_tr_6453_1st_6553,0.775753,48.51 s,0.9963,0.9907,0.6115,0.7562
217_LTDB_id_2_Medical_tr_500_1st_266,0.794884,37.89 s,0.4952,0.2546,0.0381,0.0663
216_LTDB_id_1_Medical_tr_500_1st_266,0.795035,37.71 s,0.419,0.0581,0.0093,0.016
218_LTDB_id_3_Medical_tr_500_1st_266,0.798263,37.81 s,0.4252,0.0656,0.0103,0.0178
314_UCR_id_12_HumanActivity_tr_16250_1st_38500,0.803115,24.14 s,0.4982,0.0023,0.0058,0.0033
505_UCR_id_203_HumanActivity_tr_16000_1st_33070,0.806356,23.74 s,0.3608,0.0002,0.0009,0.0003
381_UCR_id_79_HumanActivity_tr_16000_1st_31200,0.80659,23.78 s,0.4726,0.0031,0.0025,0.0028
362_UCR_id_60_HumanActivity_tr_16000_1st_31200,0.806945,23.89 s,0.4813,0.0061,0.012,0.0081
317_UCR_id_15_HumanActivity_tr_16000_1st_38400,0.806948,23.85 s,0.4353,0.0131,0.0126,0.0128
264_IOPS_id_5_WebService_tr_11665_1st_11765,0.835015,22.33 s,0.5483,0.5178,0.0044,0.0088
345_UCR_id_43_Facility_tr_25000_1st_44630,0.901712,35.13 s,0.5004,0.0014,0.0154,0.0025
432_UCR_id_130_Facility_tr_23000_1st_26970,0.920007,32.19 s,0.5389,0.0055,0.0248,0.009
253_SVDB_id_17_Medical_tr_17803_1st_17903,0.934776,46.31 s,0.5679,0.0204,0.0193,0.0198
241_SVDB_id_5_Medical_tr_11587_1st_11687,0.948198,46.18 s,0.6414,0.1317,0.0421,0.0638
237_SVDB_id_1_Medical_tr_11587_1st_11687,0.968883,46.57 s,0.7052,0.2982,0.0768,0.1222
244_SVDB_id_8_Medical_tr_17803_1st_17903,0.969218,49.79 s,0.5696,0.0331,0.0309,0.032
248_SVDB_id_12_Medical_tr_18462_1st_18562,0.974199,46.66 s,0.6195,0.1011,0.0452,0.0624
262_IOPS_id_3_WebService_tr_7028_1st_7128,0.990205,47.55 s,0.7889,0.4076,0.1682,0.2381
529_UCR_id_227_Facility_tr_19948_1st_52000,0.990419,29.83 s,0.717,0.0138,0.058,0.0223
312_UCR_id_10_Facility_tr_19948_1st_52000,0.991067,29.82 s,0.6993,0.0113,0.0433,0.0179
308_UCR_id_6_Facility_tr_20000_1st_56600,0.993139,27.68 s,0.3573,0.0,0.0,0.0
406_UCR_id_104_Facility_tr_20000_1st_67950,0.993701,29.87 s,0.6734,0.0146,0.1559,0.0268
240_SVDB_id_4_Medical_tr_18462_1st_18562,0.999064,49.63 s,0.5973,0.1214,0.0554,0.0761
409_UCR_id_107_Facility_tr_20000_1st_67950,1.007367,29.80 s,0.6573,0.0123,0.1322,0.0225
456_UCR_id_154_Facility_tr_22500_1st_72150,1.106989,33.87 s,0.5656,0.0092,0.0539,0.0158
307_UCR_id_5_Facility_tr_29895_1st_39240,1.115576,46.10 s,0.6093,0.0016,0.038,0.003
349_UCR_id_47_Facility_tr_29954_1st_74900,1.117768,45.97 s,0.5953,0.001,0.0216,0.002
472_UCR_id_170_Facility_tr_32000_1st_67995,1.15202,48.74 s,0.9805,0.0002,0.8235,0.0004
379_UCR_id_77_Facility_tr_32191_1st_124159,1.159004,46.15 s,0.5149,0.0066,0.0268,0.0106
491_UCR_id_189_Facility_tr_32372_1st_114000,1.166502,49.37 s,0.3812,0.0,0.0,0.0
431_UCR_id_129_Facility_tr_32500_1st_114283,1.17002,49.83 s,0.5923,0.0004,0.0257,0.0009
263_IOPS_id_4_WebService_tr_3482_1st_3582,1.17809,56.96 s,0.8143,1.0,0.0832,0.1536
272_IOPS_id_13_WebService_tr_3442_1st_3542,1.178433,56.93 s,0.8455,0.6554,0.3238,0.4335
242_SVDB_id_6_Medical_tr_10726_1st_10826,1.306346,70.13 s,0.7164,0.1283,0.1174,0.1226
461_UCR_id_159_Medical_tr_45096_1st_131200,1.311793,69.55 s,0.3355,0.0001,0.0009,0.0002
274_IOPS_id_15_WebService_tr_4591_1st_4691,1.316538,53.28 s,0.6777,0.4209,0.0795,0.1337
273_IOPS_id_14_WebService_tr_5569_1st_5669,1.321487,57.09 s,0.6795,0.0232,0.0944,0.0373
243_SVDB_id_7_Medical_tr_11393_1st_11493,1.338788,64.52 s,0.5265,0.0285,0.0209,0.0241
245_SVDB_id_9_Medical_tr_12607_1st_12707,1.345818,64.49 s,0.6797,0.2243,0.0555,0.0889
276_IOPS_id_17_WebService_tr_19197_1st_19297,1.363378,32.09 s,0.6247,0.9485,0.012,0.0237
375_UCR_id_73_Medical_tr_47500_1st_123000,1.37629,69.27 s,0.8802,0.0121,0.1465,0.0223
457_UCR_id_155_Medical_tr_49999_1st_143000,1.44833,72.16 s,0.6092,0.0036,0.0426,0.0066
453_UCR_id_151_Facility_tr_32000_1st_67995,1.521983,44.90 s,0.99,0.0003,1.0,0.0005
336_UCR_id_34_Facility_tr_32191_1st_124159,1.53105,45.78 s,0.5011,0.0058,0.0298,0.0098
497_UCR_id_195_Facility_tr_32372_1st_114000,1.539636,45.54 s,0.3987,0.0,0.0,0.0
340_UCR_id_38_Facility_tr_32500_1st_114283,1.545897,45.75 s,0.594,0.0,0.0017,0.0001
487_UCR_id_185_Medical_tr_49938_1st_191200,1.548461,78.11 s,0.4432,0.0019,0.0225,0.0035
416_UCR_id_114_Medical_tr_50000_1st_91200,1.639709,82.42 s,0.6362,0.0041,0.0509,0.0077
226_MGAB_id_2_Synthetic_tr_20000_1st_45134,1.661721,29.99 s,0.5841,0.0039,0.0465,0.0072
255_SVDB_id_19_Medical_tr_50000_1st_54982,1.694378,90.16 s,0.515,0.0393,0.0311,0.0347
256_SVDB_id_20_Medical_tr_6264_1st_6364,1.696119,90.22 s,0.5343,0.0434,0.0263,0.0328
250_SVDB_id_14_Medical_tr_50000_1st_107354,1.729542,90.40 s,0.6157,0.0528,0.0457,0.049
249_SVDB_id_13_Medical_tr_50000_1st_54982,1.764737,90.34 s,0.569,0.0566,0.0341,0.0425
239_SVDB_id_3_Medical_tr_50000_1st_106634,1.765595,90.19 s,0.6328,0.0744,0.105,0.0871
352_UCR_id_50_HumanActivity_tr_48750_1st_110800,1.789849,70.94 s,0.7995,0.0,0.0,0.0
414_UCR_id_112_HumanActivity_tr_48750_1st_143411,1.790252,76.33 s,0.3879,0.0,0.0014,0.0001
323_UCR_id_21_HumanActivity_tr_48812_1st_128430,1.793711,78.88 s,0.3044,0.0,0.0,0.0
392_UCR_id_90_HumanActivity_tr_48750_1st_130700,1.795081,71.54 s,0.5263,0.0104,0.0249,0.0147
425_UCR_id_123_Medical_tr_16700_1st_16800,1.835622,73.40 s,0.5687,0.0041,0.0613,0.0077
459_UCR_id_157_HumanActivity_tr_50000_1st_110260,1.837091,79.70 s,0.4162,0.0,0.0,0.0
254_SVDB_id_18_Medical_tr_30824_1st_30924,1.928823,90.77 s,0.5609,0.06,0.0391,0.0474
251_SVDB_id_15_Medical_tr_5421_1st_5521,2.025738,90.79 s,0.6227,0.2001,0.0749,0.109
252_SVDB_id_16_Medical_tr_12167_1st_12267,2.050972,85.08 s,0.5201,0.02,0.016,0.0178
229_MGAB_id_5_Synthetic_tr_25000_1st_33098,2.07675,38.72 s,0.5298,0.002,0.0215,0.0037
232_MGAB_id_8_Synthetic_tr_25000_1st_32708,2.076784,38.32 s,0.4991,0.0026,0.0245,0.0047
228_MGAB_id_4_Synthetic_tr_25000_1st_38948,2.076801,38.29 s,0.5331,0.0036,0.0347,0.0065
230_MGAB_id_6_Synthetic_tr_25000_1st_42441,2.076821,35.68 s,0.5085,0.0017,0.0194,0.0032
227_MGAB_id_3_Synthetic_tr_25000_1st_44340,2.076862,38.45 s,0.4896,0.0012,0.0105,0.0021
225_MGAB_id_1_Synthetic_tr_25000_1st_38478,2.076937,38.34 s,0.5747,0.0028,0.0268,0.0051
231_MGAB_id_7_Synthetic_tr_25000_1st_35544,2.077069,38.29 s,0.5597,0.0034,0.0354,0.0061
233_MGAB_id_9_Synthetic_tr_25000_1st_41300,2.077097,38.04 s,0.4882,0.0014,0.0108,0.0025
476_UCR_id_174_Facility_tr_50000_1st_64632,2.284522,116.26 s,0.5823,0.0025,0.0929,0.005
365_UCR_id_63_Facility_tr_50000_1st_210720,2.285467,118.32 s,0.5289,0.0024,0.0291,0.0044
510_UCR_id_208_Facility_tr_50000_1st_126920,2.285612,118.47 s,0.6304,0.0032,0.057,0.0061
455_UCR_id_153_Facility_tr_50000_1st_163632,2.363487,117.86 s,0.5033,0.0061,0.0334,0.0103
433_UCR_id_131_Facility_tr_50000_1st_106720,2.376919,118.59 s,0.5161,0.0019,0.0195,0.0035
422_UCR_id_120_Facility_tr_50000_1st_150720,2.436517,118.53 s,0.4345,0.0,0.0003,0.0001
368_UCR_id_66_Facility_tr_50000_1st_125720,2.436771,110.13 s,0.5994,0.004,0.0381,0.0072
421_UCR_id_119_HumanActivity_tr_48750_1st_130700,2.454113,71.70 s,0.5274,0.0069,0.0225,0.0106
439_UCR_id_137_HumanActivity_tr_48750_1st_110800,2.454161,71.42 s,0.86,0.0,0.0,0.0
355_UCR_id_53_HumanActivity_tr_48750_1st_143411,2.45458,70.98 s,0.4174,0.0,0.001,0.0
341_UCR_id_39_HumanActivity_tr_48812_1st_128430,2.457336,76.96 s,0.403,0.0,0.0,0.0
337_UCR_id_35_HumanActivity_tr_50000_1st_110260,2.516521,78.16 s,0.3315,0.0,0.0,0.0
440_UCR_id_138_Medical_tr_16700_1st_16800,2.516984,78.99 s,0.5577,0.0038,0.0553,0.0072
525_UCR_id_223_Facility_tr_50000_1st_250720,2.557531,110.75 s,0.6286,0.0019,0.0184,0.0034
480_UCR_id_178_Facility_tr_50000_1st_160720,2.647841,118.08 s,0.5764,0.0052,0.0503,0.0094
170_MITDB_id_1_Medical_tr_17675_1st_17775,4.223807,200.19 s,0.5146,0.0461,0.0188,0.0267
550_SWaT_id_1_Sensor_tr_43700_1st_43800,4.599934,167.04 s,0.2049,0.638,0.0248,0.0478
172_MITDB_id_3_Medical_tr_27274_1st_27374,5.144202,274.63 s,0.3293,0.005,0.0064,0.0056
174_MITDB_id_5_Medical_tr_50000_1st_539948,5.213417,265.52 s,0.6133,0.0057,0.1596,0.0111
176_MITDB_id_7_Medical_tr_6232_1st_6332,5.351151,262.94 s,0.6206,0.2489,0.0696,0.1088
173_MITDB_id_4_Medical_tr_13620_1st_13720,5.429973,260.27 s,0.518,0.0724,0.0179,0.0287
175_MITDB_id_6_Medical_tr_27274_1st_27374,5.433638,242.43 s,0.5284,0.0502,0.0297,0.0373
171_MITDB_id_2_Medical_tr_50000_1st_88864,5.462176,242.05 s,0.7468,0.1456,0.1115,0.1263
177_MITDB_id_8_Medical_tr_17675_1st_17775,5.474354,247.19 s,0.5371,0.0466,0.0214,0.0293
286_CATSv2_id_1_Sensor_tr_17792_1st_17892,6.314508,119.11 s,0.569,1.0,0.011,0.0217
331_UCR_id_29_Facility_tr_50000_1st_837400,8.769557,376.14 s,0.4876,0.0018,0.0255,0.0034
503_UCR_id_201_Facility_tr_50000_1st_593450,8.771665,370.05 s,0.8444,0.0005,0.1629,0.0009
384_UCR_id_82_Facility_tr_50000_1st_884100,8.794346,369.55 s,0.6051,0.0000,0.0000,0.0000
